.next/types/validator.ts(1435,31): error TS2344: Type 'typeof import("C:/Users/User/Projeler (Web Sayfalari)/sweetheaven-germany/src/app/[locale]/admin/crm/firmalar/[firmaId]/layout")' does not satisfy the constraint 'LayoutConfig<"/[locale]/admin/crm/firmalar/[firmaId]">'.
  Types of property 'default' are incompatible.
    Type '({ children, params, }: { children: ReactNode; params: Promise<{ firmaId: string; locale: Locale; }>; }) => Promise<Element>' is not assignable to type 'ComponentType<LayoutProps<"/[locale]/admin/crm/firmalar/[firmaId]">> | ((props: LayoutProps<"/[locale]/admin/crm/firmalar/[firmaId]">) => void | ... 2 more ... | Promise<...>)'.
      Type '({ children, params, }: { children: ReactNode; params: Promise<{ firmaId: string; locale: Locale; }>; }) => Promise<Element>' is not assignable to type 'FunctionComponent<LayoutProps<"/[locale]/admin/crm/firmalar/[firmaId]">>'.
        Types of parameters '__0' and 'props' are incompatible.
          Type 'LayoutProps<"/[locale]/admin/crm/firmalar/[firmaId]">' is not assignable to type '{ children: ReactNode; params: Promise<{ firmaId: string; locale: Locale; }>; }'.
            Types of property 'params' are incompatible.
              Type 'Promise<{ locale: string; firmaId: string; }>' is not assignable to type 'Promise<{ firmaId: string; locale: Locale; }>'.
                Type '{ locale: string; firmaId: string; }' is not assignable to type '{ firmaId: string; locale: Locale; }'.
                  Types of property 'locale' are incompatible.
                    Type 'string' is not assignable to type 'Locale'.
.next/types/validator.ts(1444,31): error TS2344: Type 'typeof import("C:/Users/User/Projeler (Web Sayfalari)/sweetheaven-germany/src/app/[locale]/admin/layout")' does not satisfy the constraint 'LayoutConfig<"/[locale]/admin">'.
  Types of property 'default' are incompatible.
    Type '({ children, params, }: { children: ReactNode; params: Promise<{ locale: Locale; }>; }) => Promise<Element>' is not assignable to type 'ComponentType<LayoutProps<"/[locale]/admin">> | ((props: LayoutProps<"/[locale]/admin">) => void | Promise<void> | ReactNode | Promise<...>)'.
      Type '({ children, params, }: { children: ReactNode; params: Promise<{ locale: Locale; }>; }) => Promise<Element>' is not assignable to type 'FunctionComponent<LayoutProps<"/[locale]/admin">>'.
        Types of parameters '__0' and 'props' are incompatible.
          Type 'LayoutProps<"/[locale]/admin">' is not assignable to type '{ children: ReactNode; params: Promise<{ locale: Locale; }>; }'.
            Types of property 'params' are incompatible.
              Type 'Promise<{ locale: string; }>' is not assignable to type 'Promise<{ locale: Locale; }>'.
                Type '{ locale: string; }' is not assignable to type '{ locale: Locale; }'.
                  Types of property 'locale' are incompatible.
                    Type 'string' is not assignable to type 'Locale'.
.next/types/validator.ts(1462,31): error TS2344: Type 'typeof import("C:/Users/User/Projeler (Web Sayfalari)/sweetheaven-germany/src/app/[locale]/portal/layout")' does not satisfy the constraint 'LayoutConfig<"/[locale]/portal">'.
  Types of property 'default' are incompatible.
    Type '({ children, params }: { children: ReactNode; params: Promise<{ locale: Locale; }>; }) => Promise<Element>' is not assignable to type 'ComponentType<LayoutProps<"/[locale]/portal">> | ((props: LayoutProps<"/[locale]/portal">) => void | Promise<void> | ReactNode | Promise<...>)'.
      Type '({ children, params }: { children: ReactNode; params: Promise<{ locale: Locale; }>; }) => Promise<Element>' is not assignable to type 'FunctionComponent<LayoutProps<"/[locale]/portal">>'.
        Types of parameters '__0' and 'props' are incompatible.
          Type 'LayoutProps<"/[locale]/portal">' is not assignable to type '{ children: ReactNode; params: Promise<{ locale: Locale; }>; }'.
            Types of property 'params' are incompatible.
              Type 'Promise<{ locale: string; }>' is not assignable to type 'Promise<{ locale: Locale; }>'.
                Type '{ locale: string; }' is not assignable to type '{ locale: Locale; }'.
                  Types of property 'locale' are incompatible.
                    Type 'string' is not assignable to type 'Locale'.
.next/types/validator.ts(1471,31): error TS2344: Type 'typeof import("C:/Users/User/Projeler (Web Sayfalari)/sweetheaven-germany/src/app/[locale]/portal/musterilerim/[firmaId]/layout")' does not satisfy the constraint 'LayoutConfig<"/[locale]/portal/musterilerim/[firmaId]">'.
  Types of property 'default' are incompatible.
    Type '({ children, params }: { children: ReactNode; params: Promise<{ locale: Locale; firmaId: string; }>; }) => Promise<Element | null>' is not assignable to type 'ComponentType<LayoutProps<"/[locale]/portal/musterilerim/[firmaId]">> | ((props: LayoutProps<"/[locale]/portal/musterilerim/[firmaId]">) => void | ... 2 more ... | Promise<...>)'.
      Type '({ children, params }: { children: ReactNode; params: Promise<{ locale: Locale; firmaId: string; }>; }) => Promise<Element | null>' is not assignable to type 'FunctionComponent<LayoutProps<"/[locale]/portal/musterilerim/[firmaId]">>'.
        Types of parameters '__0' and 'props' are incompatible.
          Type 'LayoutProps<"/[locale]/portal/musterilerim/[firmaId]">' is not assignable to type '{ children: ReactNode; params: Promise<{ locale: Locale; firmaId: string; }>; }'.
            Types of property 'params' are incompatible.
              Type 'Promise<{ locale: string; firmaId: string; }>' is not assignable to type 'Promise<{ locale: Locale; firmaId: string; }>'.
                Type '{ locale: string; firmaId: string; }' is not assignable to type '{ locale: Locale; firmaId: string; }'.
                  Types of property 'locale' are incompatible.
                    Type 'string' is not assignable to type 'Locale'.
src/app/[locale]/(public)/products/page.tsx(110,11): error TS2322: Type '{ id: any; ad: any; slug: any; ust_kategori_id: any; }[]' is not assignable to type 'Kategori[]'.
  Property 'urun_gami' is missing in type '{ id: any; ad: any; slug: any; ust_kategori_id: any; }' but required in type 'Kategori'.
src/app/[locale]/(public)/products/page.tsx(233,21): error TS2362: The left-hand side of an arithmetic operation must be of type 'any', 'number', 'bigint' or an enum type.
src/app/[locale]/(public)/products/page.tsx(233,52): error TS2363: The right-hand side of an arithmetic operation must be of type 'any', 'number', 'bigint' or an enum type.
src/app/[locale]/(public)/products/product-grid-client.tsx(669,39): error TS2339: Property 'pricing_tier' does not exist on type 'SelectQueryError<"column 'pricing_tier' does not exist on 'firmalar'.">'.
src/app/[locale]/(public)/products/product-grid-client.tsx(903,37): error TS2322: Type '{ hidden: { opacity: number; y: number; scale: number; }; show: (i: number) => { opacity: number; y: number; scale: number; transition: { ease: number[]; duration: number; delay: number; }; }; }' is not assignable to type 'Variants'.
  Property 'show' is incompatible with index signature.
    Type '(i: number) => { opacity: number; y: number; scale: number; transition: { ease: number[]; duration: number; delay: number; }; }' is not assignable to type 'Variant'.
      Type '(i: number) => { opacity: number; y: number; scale: number; transition: { ease: number[]; duration: number; delay: number; }; }' is not assignable to type 'TargetResolver'.
        Type '{ opacity: number; y: number; scale: number; transition: { ease: number[]; duration: number; delay: number; }; }' is not assignable to type 'string | TargetAndTransition'.
          Type '{ opacity: number; y: number; scale: number; transition: { ease: number[]; duration: number; delay: number; }; }' is not assignable to type 'TargetAndTransition'.
            Type '{ opacity: number; y: number; scale: number; transition: { ease: number[]; duration: number; delay: number; }; }' is not assignable to type '{ transition?: Transition<any> | undefined; transitionEnd?: ResolvedValues$1 | undefined; }'.
              Types of property 'transition' are incompatible.
                Type '{ ease: number[]; duration: number; delay: number; }' is not assignable to type 'Transition<any> | undefined'.
                  Type '{ ease: number[]; duration: number; delay: number; }' is not assignable to type 'TransitionWithValueOverrides<any>'.
                    Type '{ ease: number[]; duration: number; delay: number; }' is not assignable to type 'ValueAnimationTransition<any>'.
                      Types of property 'ease' are incompatible.
                        Type 'number[]' is not assignable to type 'Easing | Easing[] | undefined'.
                          Type 'number[]' is not assignable to type 'EasingFunction | Easing[]'.
                            Type 'number[]' is not assignable to type 'Easing[]'.
                              Type 'number' is not assignable to type 'Easing'.
src/app/[locale]/(public)/products/product-grid-client.tsx(928,37): error TS2322: Type '{ hidden: { opacity: number; y: number; scale: number; }; show: (i: number) => { opacity: number; y: number; scale: number; transition: { ease: number[]; duration: number; delay: number; }; }; }' is not assignable to type 'Variants'.
  Property 'show' is incompatible with index signature.
    Type '(i: number) => { opacity: number; y: number; scale: number; transition: { ease: number[]; duration: number; delay: number; }; }' is not assignable to type 'Variant'.
      Type '(i: number) => { opacity: number; y: number; scale: number; transition: { ease: number[]; duration: number; delay: number; }; }' is not assignable to type 'TargetResolver'.
        Type '{ opacity: number; y: number; scale: number; transition: { ease: number[]; duration: number; delay: number; }; }' is not assignable to type 'string | TargetAndTransition'.
          Type '{ opacity: number; y: number; scale: number; transition: { ease: number[]; duration: number; delay: number; }; }' is not assignable to type 'TargetAndTransition'.
            Type '{ opacity: number; y: number; scale: number; transition: { ease: number[]; duration: number; delay: number; }; }' is not assignable to type '{ transition?: Transition<any> | undefined; transitionEnd?: ResolvedValues$1 | undefined; }'.
              Types of property 'transition' are incompatible.
                Type '{ ease: number[]; duration: number; delay: number; }' is not assignable to type 'Transition<any> | undefined'.
                  Type '{ ease: number[]; duration: number; delay: number; }' is not assignable to type 'TransitionWithValueOverrides<any>'.
                    Type '{ ease: number[]; duration: number; delay: number; }' is not assignable to type 'ValueAnimationTransition<any>'.
                      Types of property 'ease' are incompatible.
                        Type 'number[]' is not assignable to type 'Easing | Easing[] | undefined'.
                          Type 'number[]' is not assignable to type 'EasingFunction | Easing[]'.
                            Type 'number[]' is not assignable to type 'Easing[]'.
                              Type 'number' is not assignable to type 'Easing'.
src/app/[locale]/(public)/products/product-grid-client.tsx(967,37): error TS2322: Type '{ hidden: { opacity: number; y: number; scale: number; }; show: (i: number) => { opacity: number; y: number; scale: number; transition: { ease: number[]; duration: number; delay: number; }; }; }' is not assignable to type 'Variants'.
  Property 'show' is incompatible with index signature.
    Type '(i: number) => { opacity: number; y: number; scale: number; transition: { ease: number[]; duration: number; delay: number; }; }' is not assignable to type 'Variant'.
      Type '(i: number) => { opacity: number; y: number; scale: number; transition: { ease: number[]; duration: number; delay: number; }; }' is not assignable to type 'TargetResolver'.
        Type '{ opacity: number; y: number; scale: number; transition: { ease: number[]; duration: number; delay: number; }; }' is not assignable to type 'string | TargetAndTransition'.
          Type '{ opacity: number; y: number; scale: number; transition: { ease: number[]; duration: number; delay: number; }; }' is not assignable to type 'TargetAndTransition'.
            Type '{ opacity: number; y: number; scale: number; transition: { ease: number[]; duration: number; delay: number; }; }' is not assignable to type '{ transition?: Transition<any> | undefined; transitionEnd?: ResolvedValues$1 | undefined; }'.
              Types of property 'transition' are incompatible.
                Type '{ ease: number[]; duration: number; delay: number; }' is not assignable to type 'Transition<any> | undefined'.
                  Type '{ ease: number[]; duration: number; delay: number; }' is not assignable to type 'TransitionWithValueOverrides<any>'.
                    Type '{ ease: number[]; duration: number; delay: number; }' is not assignable to type 'ValueAnimationTransition<any>'.
                      Types of property 'ease' are incompatible.
                        Type 'number[]' is not assignable to type 'Easing | Easing[] | undefined'.
                          Type 'number[]' is not assignable to type 'EasingFunction | Easing[]'.
                            Type 'number[]' is not assignable to type 'Easing[]'.
                              Type 'number' is not assignable to type 'Easing'.
src/app/[locale]/(public)/products/product-grid-client.tsx(1020,33): error TS2322: Type '{ hidden: { opacity: number; y: number; scale: number; }; show: (i: number) => { opacity: number; y: number; scale: number; transition: { ease: number[]; duration: number; delay: number; }; }; }' is not assignable to type 'Variants'.
  Property 'show' is incompatible with index signature.
    Type '(i: number) => { opacity: number; y: number; scale: number; transition: { ease: number[]; duration: number; delay: number; }; }' is not assignable to type 'Variant'.
      Type '(i: number) => { opacity: number; y: number; scale: number; transition: { ease: number[]; duration: number; delay: number; }; }' is not assignable to type 'TargetResolver'.
        Type '{ opacity: number; y: number; scale: number; transition: { ease: number[]; duration: number; delay: number; }; }' is not assignable to type 'string | TargetAndTransition'.
          Type '{ opacity: number; y: number; scale: number; transition: { ease: number[]; duration: number; delay: number; }; }' is not assignable to type 'TargetAndTransition'.
            Type '{ opacity: number; y: number; scale: number; transition: { ease: number[]; duration: number; delay: number; }; }' is not assignable to type '{ transition?: Transition<any> | undefined; transitionEnd?: ResolvedValues$1 | undefined; }'.
              Types of property 'transition' are incompatible.
                Type '{ ease: number[]; duration: number; delay: number; }' is not assignable to type 'Transition<any> | undefined'.
                  Type '{ ease: number[]; duration: number; delay: number; }' is not assignable to type 'TransitionWithValueOverrides<any>'.
                    Type '{ ease: number[]; duration: number; delay: number; }' is not assignable to type 'ValueAnimationTransition<any>'.
                      Types of property 'ease' are incompatible.
                        Type 'number[]' is not assignable to type 'Easing | Easing[] | undefined'.
                          Type 'number[]' is not assignable to type 'EasingFunction | Easing[]'.
                            Type 'number[]' is not assignable to type 'Easing[]'.
                              Type 'number' is not assignable to type 'Easing'.
src/app/[locale]/(public)/products/product-grid-client.tsx(1058,33): error TS2322: Type '{ hidden: { opacity: number; y: number; scale: number; }; show: (i: number) => { opacity: number; y: number; scale: number; transition: { ease: number[]; duration: number; delay: number; }; }; }' is not assignable to type 'Variants'.
  Property 'show' is incompatible with index signature.
    Type '(i: number) => { opacity: number; y: number; scale: number; transition: { ease: number[]; duration: number; delay: number; }; }' is not assignable to type 'Variant'.
      Type '(i: number) => { opacity: number; y: number; scale: number; transition: { ease: number[]; duration: number; delay: number; }; }' is not assignable to type 'TargetResolver'.
        Type '{ opacity: number; y: number; scale: number; transition: { ease: number[]; duration: number; delay: number; }; }' is not assignable to type 'string | TargetAndTransition'.
          Type '{ opacity: number; y: number; scale: number; transition: { ease: number[]; duration: number; delay: number; }; }' is not assignable to type 'TargetAndTransition'.
            Type '{ opacity: number; y: number; scale: number; transition: { ease: number[]; duration: number; delay: number; }; }' is not assignable to type '{ transition?: Transition<any> | undefined; transitionEnd?: ResolvedValues$1 | undefined; }'.
              Types of property 'transition' are incompatible.
                Type '{ ease: number[]; duration: number; delay: number; }' is not assignable to type 'Transition<any> | undefined'.
                  Type '{ ease: number[]; duration: number; delay: number; }' is not assignable to type 'TransitionWithValueOverrides<any>'.
                    Type '{ ease: number[]; duration: number; delay: number; }' is not assignable to type 'ValueAnimationTransition<any>'.
                      Types of property 'ease' are incompatible.
                        Type 'number[]' is not assignable to type 'Easing | Easing[] | undefined'.
                          Type 'number[]' is not assignable to type 'EasingFunction | Easing[]'.
                            Type 'number[]' is not assignable to type 'Easing[]'.
                              Type 'number' is not assignable to type 'Easing'.
src/app/[locale]/(public)/search/page.tsx(49,18): error TS2339: Property 'from' does not exist on type 'Promise<SupabaseClient<Database, "public", "public", { Tables: { sirket_resmi_bilgiler: { Row: { id: string; kategori: string; baslik: string; deger: string; sira: number; onemli_mi: boolean | null; created_at: string; updated_at: string; }; Insert: { ...; }; Update: { ...; }; Relationships: []; }; ... 49 more ...; ...'.
src/app/[locale]/(public)/search/page.tsx(57,18): error TS2339: Property 'from' does not exist on type 'Promise<SupabaseClient<Database, "public", "public", { Tables: { sirket_resmi_bilgiler: { Row: { id: string; kategori: string; baslik: string; deger: string; sira: number; onemli_mi: boolean | null; created_at: string; updated_at: string; }; Insert: { ...; }; Update: { ...; }; Relationships: []; }; ... 49 more ...; ...'.
src/app/[locale]/(public)/search/page.tsx(64,18): error TS2339: Property 'from' does not exist on type 'Promise<SupabaseClient<Database, "public", "public", { Tables: { sirket_resmi_bilgiler: { Row: { id: string; kategori: string; baslik: string; deger: string; sira: number; onemli_mi: boolean | null; created_at: string; updated_at: string; }; Insert: { ...; }; Update: { ...; }; Relationships: []; }; ... 49 more ...; ...'.
src/app/[locale]/admin/ayarlar/sirket-kasasi/components/CompanySettingsForm.tsx(23,20): error TS2554: Expected 1 arguments, but got 0.
src/app/[locale]/admin/belgeleri-yonet/BelgeYonetimClient.tsx(105,31): error TS2339: Property 'kategoriSuresiBitenler' does not exist on type '{ selected: string; onSelect: (id: string) => void; toplam: number; kategoriSayilari: Record<string, number>; }'.
src/app/[locale]/admin/belgeleri-yonet/page.tsx(28,15): error TS2769: No overload matches this call.
  Overload 1 of 2, '(relation: "documents" | "profiller" | "alt_bayi_satislar" | "urunler" | "alt_bayi_satis_kayitlari" | "firmalar" | "birimler" | "urun_degerlendirmeleri" | "document_folders" | "siparisler" | ... 40 more ... | "yeni_urun_talepleri"): PostgrestQueryBuilder<...>', gave the following error.
    Argument of type '"belgeler"' is not assignable to parameter of type '"documents" | "profiller" | "alt_bayi_satislar" | "urunler" | "alt_bayi_satis_kayitlari" | "firmalar" | "birimler" | "urun_degerlendirmeleri" | "document_folders" | "siparisler" | ... 40 more ... | "yeni_urun_talepleri"'.
  Overload 2 of 2, '(relation: "kullanici_segment_bilgileri" | "public_urunler_katalog" | "favori_urunler_istatistik"): PostgrestQueryBuilder<{ PostgrestVersion: "13.0.5"; }, { Tables: { sirket_resmi_bilgiler: { Row: { ...; }; Insert: { ...; }; Update: { ...; }; Relationships: []; }; ... 49 more ...; yeni_urun_talepleri: { ...; }; }; Views: { ...; }; Functions: { ...; }; Enums: { ...; }; CompositeTypes: { ...; }; }, { ...; } | ... 1 more ... | { ...; }, "kullanici_segment_bilgileri" | ... 1 more ... | "favori_urunler_istatistik", [] | ... 1 more ... | [...]>', gave the following error.
    Argument of type '"belgeler"' is not assignable to parameter of type '"kullanici_segment_bilgileri" | "public_urunler_katalog" | "favori_urunler_istatistik"'.
src/app/[locale]/admin/belgeleri-yonet/page.tsx(87,48): error TS2339: Property 'olusturma_tarihi' does not exist on type 'SelectQueryError<"column 'id' does not exist on 'documents'."> | SelectQueryError<"column 'id' does not exist on 'profiller'."> | ... 48 more ... | SelectQueryError<...>'.
  Property 'olusturma_tarihi' does not exist on type 'SelectQueryError<"column 'id' does not exist on 'documents'.">'.
src/app/[locale]/admin/belgeleri-yonet/page.tsx(88,45): error TS2339: Property 'kategori' does not exist on type 'SelectQueryError<"column 'id' does not exist on 'documents'."> | SelectQueryError<"column 'id' does not exist on 'profiller'."> | ... 48 more ... | SelectQueryError<...>'.
  Property 'kategori' does not exist on type 'SelectQueryError<"column 'id' does not exist on 'documents'.">'.
src/app/[locale]/admin/belgeleri-yonet/page.tsx(88,85): error TS2339: Property 'kategori' does not exist on type 'SelectQueryError<"column 'id' does not exist on 'documents'."> | SelectQueryError<"column 'id' does not exist on 'profiller'."> | ... 48 more ... | SelectQueryError<...>'.
  Property 'kategori' does not exist on type 'SelectQueryError<"column 'id' does not exist on 'documents'.">'.
src/app/[locale]/admin/belgeleri-yonet/page.tsx(94,28): error TS2339: Property 'kategori' does not exist on type 'SelectQueryError<"column 'id' does not exist on 'documents'."> | SelectQueryError<"column 'id' does not exist on 'profiller'."> | ... 48 more ... | SelectQueryError<...>'.
  Property 'kategori' does not exist on type 'SelectQueryError<"column 'id' does not exist on 'documents'.">'.
src/app/[locale]/admin/belgeleri-yonet/page.tsx(94,60): error TS2339: Property 'kategori' does not exist on type 'SelectQueryError<"column 'id' does not exist on 'documents'."> | SelectQueryError<"column 'id' does not exist on 'profiller'."> | ... 48 more ... | SelectQueryError<...>'.
  Property 'kategori' does not exist on type 'SelectQueryError<"column 'id' does not exist on 'documents'.">'.
src/app/[locale]/admin/belgeleri-yonet/page.tsx(95,15): error TS2339: Property 'alt_kategori' does not exist on type 'SelectQueryError<"column 'id' does not exist on 'documents'."> | SelectQueryError<"column 'id' does not exist on 'profiller'."> | ... 48 more ... | SelectQueryError<...>'.
  Property 'alt_kategori' does not exist on type 'SelectQueryError<"column 'id' does not exist on 'documents'.">'.
src/app/[locale]/admin/belgeleri-yonet/page.tsx(96,32): error TS2339: Property 'alt_kategori' does not exist on type 'SelectQueryError<"column 'id' does not exist on 'documents'."> | SelectQueryError<"column 'id' does not exist on 'profiller'."> | ... 48 more ... | SelectQueryError<...>'.
  Property 'alt_kategori' does not exist on type 'SelectQueryError<"column 'id' does not exist on 'documents'.">'.
src/app/[locale]/admin/belgeleri-yonet/page.tsx(96,68): error TS2339: Property 'alt_kategori' does not exist on type 'SelectQueryError<"column 'id' does not exist on 'documents'."> | SelectQueryError<"column 'id' does not exist on 'profiller'."> | ... 48 more ... | SelectQueryError<...>'.
  Property 'alt_kategori' does not exist on type 'SelectQueryError<"column 'id' does not exist on 'documents'.">'.
src/app/[locale]/admin/crm/firmalar/[firmaId]/actions.ts(208,19): error TS2345: Argument of type 'PostgrestBuilder<{ PostgrestVersion: "13.0.5"; }, { adres: string | null; created_at: string; created_by: string | null; email: string | null; etiketler: string[] | null; facebook_url: string | null; ... 35 more ...; yetkili_kisi: string | null; }, false>' is not assignable to parameter of type 'never'.
src/app/[locale]/admin/crm/firmalar/[firmaId]/actions.ts(222,23): error TS2345: Argument of type 'PostgrestFilterBuilder<{ PostgrestVersion: "13.0.5"; }, { Tables: { sirket_resmi_bilgiler: { Row: { id: string; kategori: string; baslik: string; deger: string; sira: number; onemli_mi: boolean | null; created_at: string; updated_at: string; }; Insert: { ...; }; Update: { ...; }; Relationships: []; }; ... 49 more .....' is not assignable to parameter of type 'never'.
src/app/[locale]/admin/crm/firmalar/[firmaId]/actions.ts(228,23): error TS2345: Argument of type 'Promise<{ success: boolean; error?: unknown; skipped?: boolean | undefined; recipientCount?: number | undefined; }>' is not assignable to parameter of type 'never'.
src/app/[locale]/admin/crm/firmalar/[firmaId]/actions.ts(243,26): error TS2339: Property 'error' does not exist on type 'never'.
src/app/[locale]/admin/crm/firmalar/[firmaId]/actions.ts(244,74): error TS2339: Property 'error' does not exist on type 'never'.
src/app/[locale]/admin/crm/firmalar/[firmaId]/actions.ts(245,32): error TS2339: Property 'error' does not exist on type 'never'.
src/app/[locale]/admin/crm/firmalar/[firmaId]/actions.ts(272,52): error TS2339: Property 'data' does not exist on type 'never'.
src/app/[locale]/admin/crm/firmalar/[firmaId]/detaylar/page.tsx(32,25): error TS2339: Property 'teknik_ozellikler' does not exist on type '{ adres: string | null; created_at: string; created_by: string | null; email: string | null; etiketler: string[] | null; facebook_url: string | null; google_maps_url: string | null; ... 36 more ...; olusturan: { ...; } | null; }'.
src/app/[locale]/admin/crm/firmalar/[firmaId]/detaylar/page.tsx(113,85): error TS2339: Property 'pricing_tier' does not exist on type '{ adres: string | null; created_at: string; created_by: string | null; email: string | null; etiketler: string[] | null; facebook_url: string | null; google_maps_url: string | null; ... 36 more ...; olusturan: { ...; } | null; }'.
src/app/[locale]/admin/crm/firmalar/[firmaId]/detaylar/page.tsx(113,106): error TS2339: Property 'pricing_tier' does not exist on type '{ adres: string | null; created_at: string; created_by: string | null; email: string | null; etiketler: string[] | null; facebook_url: string | null; google_maps_url: string | null; ... 36 more ...; olusturan: { ...; } | null; }'.
src/app/[locale]/admin/crm/firmalar/[firmaId]/etkinlikler/actions.ts(75,78): error TS2769: No overload matches this call.
  Overload 1 of 2, '(values: { aciklama: string; created_at?: string | undefined; etkinlik_tipi: "Not" | "Telefon G├Âr├╝┼ƒmesi" | "Toplant─▒" | "E-posta" | "Teklif" | "Instagram DM" | "Instagram Yorum" | "E-Mail G├Ânderimi" | "Y├╝z Y├╝ze Ziyaret" | "Instagram Etkile┼ƒimi" | "DM G├Ânderildi" | "Numune ─░ste─ƒi"; firma_id: string; id?: string | undefined; olusturan_personel_id: string; }, options?: { ...; } | undefined): PostgrestFilterBuilder<...>', gave the following error.
    Argument of type 'Partial<{ aciklama: string; created_at: string; etkinlik_tipi: "Not" | "Telefon G├Âr├╝┼ƒmesi" | "Toplant─▒" | "E-posta" | "Teklif" | "Instagram DM" | "Instagram Yorum" | "E-Mail G├Ânderimi" | "Y├╝z Y├╝ze Ziyaret" | "Instagram Etkile┼ƒimi" | "DM G├Ânderildi" | "Numune ─░ste─ƒi"; firma_id: string; id: string; olusturan_personel_...' is not assignable to parameter of type '{ aciklama: string; created_at?: string | undefined; etkinlik_tipi: "Not" | "Telefon G├Âr├╝┼ƒmesi" | "Toplant─▒" | "E-posta" | "Teklif" | "Instagram DM" | "Instagram Yorum" | "E-Mail G├Ânderimi" | "Y├╝z Y├╝ze Ziyaret" | "Instagram Etkile┼ƒimi" | "DM G├Ânderildi" | "Numune ─░ste─ƒi"; firma_id: string; id?: string | undefined; o...'.
      Types of property 'aciklama' are incompatible.
        Type 'string | undefined' is not assignable to type 'string'.
          Type 'undefined' is not assignable to type 'string'.
  Overload 2 of 2, '(values: { aciklama: string; created_at?: string | undefined; etkinlik_tipi: "Not" | "Telefon G├Âr├╝┼ƒmesi" | "Toplant─▒" | "E-posta" | "Teklif" | "Instagram DM" | "Instagram Yorum" | "E-Mail G├Ânderimi" | "Y├╝z Y├╝ze Ziyaret" | "Instagram Etkile┼ƒimi" | "DM G├Ânderildi" | "Numune ─░ste─ƒi"; firma_id: string; id?: string | undefined; olusturan_personel_id: string; }[], options?: { ...; } | undefined): PostgrestFilterBuilder<...>', gave the following error.
    Argument of type 'Partial<{ aciklama: string; created_at: string; etkinlik_tipi: "Not" | "Telefon G├Âr├╝┼ƒmesi" | "Toplant─▒" | "E-posta" | "Teklif" | "Instagram DM" | "Instagram Yorum" | "E-Mail G├Ânderimi" | "Y├╝z Y├╝ze Ziyaret" | "Instagram Etkile┼ƒimi" | "DM G├Ânderildi" | "Numune ─░ste─ƒi"; firma_id: string; id: string; olusturan_personel_...' is not assignable to parameter of type '{ aciklama: string; created_at?: string | undefined; etkinlik_tipi: "Not" | "Telefon G├Âr├╝┼ƒmesi" | "Toplant─▒" | "E-posta" | "Teklif" | "Instagram DM" | "Instagram Yorum" | "E-Mail G├Ânderimi" | "Y├╝z Y├╝ze Ziyaret" | "Instagram Etkile┼ƒimi" | "DM G├Ânderildi" | "Numune ─░ste─ƒi"; firma_id: string; id?: string | undefined; o...'.
      Type 'Partial<{ aciklama: string; created_at: string; etkinlik_tipi: "Not" | "Telefon G├Âr├╝┼ƒmesi" | "Toplant─▒" | "E-posta" | "Teklif" | "Instagram DM" | "Instagram Yorum" | "E-Mail G├Ânderimi" | "Y├╝z Y├╝ze Ziyaret" | "Instagram Etkile┼ƒimi" | "DM G├Ânderildi" | "Numune ─░ste─ƒi"; firma_id: string; id: string; olusturan_personel_...' is missing the following properties from type '{ aciklama: string; created_at?: string | undefined; etkinlik_tipi: "Not" | "Telefon G├Âr├╝┼ƒmesi" | "Toplant─▒" | "E-posta" | "Teklif" | "Instagram DM" | "Instagram Yorum" | "E-Mail G├Ânderimi" | "Y├╝z Y├╝ze Ziyaret" | "Instagram Etkile┼ƒimi" | "DM G├Ânderildi" | "Numune ─░ste─ƒi"; firma_id: string; id?: string | undefined; o...': length, pop, push, concat, and 35 more.
src/app/[locale]/admin/crm/firmalar/[firmaId]/etkinlikler/EtkinlikKarti.tsx(57,41): error TS2769: No overload matches this call.
  Overload 1 of 4, '(value: string | number | Date): Date', gave the following error.
    Argument of type 'string | null' is not assignable to parameter of type 'string | number | Date'.
      Type 'null' is not assignable to type 'string | number | Date'.
  Overload 2 of 4, '(value: string | number): Date', gave the following error.
    Argument of type 'string | null' is not assignable to parameter of type 'string | number'.
      Type 'null' is not assignable to type 'string | number'.
src/app/[locale]/admin/crm/firmalar/[firmaId]/etkinlikler/EtkinlikKarti.tsx(76,27): error TS2322: Type 'string' is not assignable to type 'never'.
src/app/[locale]/admin/crm/firmalar/[firmaId]/etkinlikler/EtkinlikKarti.tsx(100,29): error TS2322: Type 'string | null' is not assignable to type 'string | number | readonly string[] | undefined'.
  Type 'null' is not assignable to type 'string | number | readonly string[] | undefined'.
src/app/[locale]/admin/crm/firmalar/[firmaId]/etkinlikler/page.tsx(137,37): error TS2322: Type 'EtkinlikWithProfile' is not assignable to type 'Etkinlik'.
  Types of property 'etkinlik_tipi' are incompatible.
    Type '"Not" | "Telefon G├Âr├╝┼ƒmesi" | "Toplant─▒" | "E-posta" | "Teklif" | "Instagram DM" | "Instagram Yorum" | "E-Mail G├Ânderimi" | "Y├╝z Y├╝ze Ziyaret" | "Instagram Etkile┼ƒimi" | "DM G├Ânderildi" | "Numune ─░ste─ƒi"' is not assignable to type 'EtkinlikTipi | null'.
      Type '"Instagram DM"' is not assignable to type 'EtkinlikTipi | null'.
src/app/[locale]/admin/crm/firmalar/[firmaId]/gorevler/actions.ts(70,62): error TS2769: No overload matches this call.
  Overload 1 of 2, '(values: { aciklama?: string | null | undefined; atanan_kisi_id: string; baslik: string; created_at?: string | undefined; durum?: "Yap─▒lacak" | "Devam Ediyor" | "Tamamland─▒" | undefined; ... 6 more ...; tamamlandi?: boolean | undefined; }, options?: { ...; } | undefined): PostgrestFilterBuilder<...>', gave the following error.
    Argument of type 'Partial<{ aciklama: string | null; atanan_kisi_id: string; baslik: string; created_at: string; durum: "Yap─▒lacak" | "Devam Ediyor" | "Tamamland─▒"; id: string; ilgili_firma_id: string | null; ... 4 more ...; tamamlandi: boolean; }>' is not assignable to parameter of type '{ aciklama?: string | null | undefined; atanan_kisi_id: string; baslik: string; created_at?: string | undefined; durum?: "Yap─▒lacak" | "Devam Ediyor" | "Tamamland─▒" | undefined; id?: string | undefined; ... 5 more ...; tamamlandi?: boolean | undefined; }'.
      Types of property 'atanan_kisi_id' are incompatible.
        Type 'string | undefined' is not assignable to type 'string'.
          Type 'undefined' is not assignable to type 'string'.
  Overload 2 of 2, '(values: { aciklama?: string | null | undefined; atanan_kisi_id: string; baslik: string; created_at?: string | undefined; durum?: "Yap─▒lacak" | "Devam Ediyor" | "Tamamland─▒" | undefined; ... 6 more ...; tamamlandi?: boolean | undefined; }[], options?: { ...; } | undefined): PostgrestFilterBuilder<...>', gave the following error.
    Argument of type 'Partial<{ aciklama: string | null; atanan_kisi_id: string; baslik: string; created_at: string; durum: "Yap─▒lacak" | "Devam Ediyor" | "Tamamland─▒"; id: string; ilgili_firma_id: string | null; ... 4 more ...; tamamlandi: boolean; }>' is not assignable to parameter of type '{ aciklama?: string | null | undefined; atanan_kisi_id: string; baslik: string; created_at?: string | undefined; durum?: "Yap─▒lacak" | "Devam Ediyor" | "Tamamland─▒" | undefined; id?: string | undefined; ... 5 more ...; tamamlandi?: boolean | undefined; }[]'.
      Type 'Partial<{ aciklama: string | null; atanan_kisi_id: string; baslik: string; created_at: string; durum: "Yap─▒lacak" | "Devam Ediyor" | "Tamamland─▒"; id: string; ilgili_firma_id: string | null; ... 4 more ...; tamamlandi: boolean; }>' is missing the following properties from type '{ aciklama?: string | null | undefined; atanan_kisi_id: string; baslik: string; created_at?: string | undefined; durum?: "Yap─▒lacak" | "Devam Ediyor" | "Tamamland─▒" | undefined; id?: string | undefined; ... 5 more ...; tamamlandi?: boolean | undefined; }[]': length, pop, push, concat, and 35 more.
src/app/[locale]/admin/crm/firmalar/[firmaId]/gorevler/page.tsx(109,23): error TS2322: Type '(formData: FormData) => Promise<ActionResult>' is not assignable to type 'string | ((formData: FormData) => void | Promise<void>) | undefined'.
  Type '(formData: FormData) => Promise<ActionResult>' is not assignable to type '(formData: FormData) => void | Promise<void>'.
    Type 'Promise<ActionResult>' is not assignable to type 'void | Promise<void>'.
      Type 'Promise<ActionResult>' is not assignable to type 'Promise<void>'.
        Type 'ActionResult' is not assignable to type 'void'.
src/app/[locale]/admin/crm/firmalar/[firmaId]/kisiler/actions.ts(53,67): error TS2769: No overload matches this call.
  Overload 1 of 2, '(values: { ad_soyad: string; created_at?: string | undefined; email?: string | null | undefined; firma_id: string; id?: string | undefined; telefon?: string | null | undefined; unvan?: string | null | undefined; }, options?: { ...; } | undefined): PostgrestFilterBuilder<...>', gave the following error.
    Argument of type 'Partial<{ ad_soyad: string; created_at: string; email: string | null; firma_id: string; id: string; telefon: string | null; unvan: string | null; }>' is not assignable to parameter of type '{ ad_soyad: string; created_at?: string | undefined; email?: string | null | undefined; firma_id: string; id?: string | undefined; telefon?: string | null | undefined; unvan?: string | null | undefined; }'.
      Types of property 'ad_soyad' are incompatible.
        Type 'string | undefined' is not assignable to type 'string'.
          Type 'undefined' is not assignable to type 'string'.
  Overload 2 of 2, '(values: { ad_soyad: string; created_at?: string | undefined; email?: string | null | undefined; firma_id: string; id?: string | undefined; telefon?: string | null | undefined; unvan?: string | null | undefined; }[], options?: { ...; } | undefined): PostgrestFilterBuilder<...>', gave the following error.
    Argument of type 'Partial<{ ad_soyad: string; created_at: string; email: string | null; firma_id: string; id: string; telefon: string | null; unvan: string | null; }>' is not assignable to parameter of type '{ ad_soyad: string; created_at?: string | undefined; email?: string | null | undefined; firma_id: string; id?: string | undefined; telefon?: string | null | undefined; unvan?: string | null | undefined; }[]'.
      Type 'Partial<{ ad_soyad: string; created_at: string; email: string | null; firma_id: string; id: string; telefon: string | null; unvan: string | null; }>' is missing the following properties from type '{ ad_soyad: string; created_at?: string | undefined; email?: string | null | undefined; firma_id: string; id?: string | undefined; telefon?: string | null | undefined; unvan?: string | null | undefined; }[]': length, pop, push, concat, and 35 more.
src/app/[locale]/admin/crm/firmalar/[firmaId]/kisiler/KisiKarti.tsx(41,61): error TS2345: Argument of type 'string | null' is not assignable to parameter of type 'string'.
  Type 'null' is not assignable to type 'string'.
src/app/[locale]/admin/crm/firmalar/[firmaId]/kisiler/KisiKarti.tsx(61,60): error TS2322: Type 'string | null' is not assignable to type 'string | number | readonly string[] | undefined'.
  Type 'null' is not assignable to type 'string | number | readonly string[] | undefined'.
src/app/[locale]/admin/crm/firmalar/[firmaId]/kisiler/page.tsx(70,23): error TS2322: Type '(formData: FormData) => Promise<ActionResult>' is not assignable to type 'string | ((formData: FormData) => void | Promise<void>) | undefined'.
  Type '(formData: FormData) => Promise<ActionResult>' is not assignable to type '(formData: FormData) => void | Promise<void>'.
    Type 'Promise<ActionResult>' is not assignable to type 'void | Promise<void>'.
      Type 'Promise<ActionResult>' is not assignable to type 'Promise<void>'.
        Type 'ActionResult' is not assignable to type 'void'.
src/app/[locale]/admin/crm/firmalar/[firmaId]/kisiler/page.tsx(112,66): error TS2322: Type '{ key: string; kisi: { ad_soyad: string; created_at: string; email: string | null; firma_id: string; id: string; telefon: string | null; unvan: string | null; }; locale: Locale; }' is not assignable to type 'IntrinsicAttributes & KisiKartiProps'.
  Property 'locale' does not exist on type 'IntrinsicAttributes & KisiKartiProps'.
src/app/[locale]/admin/crm/firmalar/[firmaId]/siparisler/[siparisId]/page.tsx(30,10): error TS2339: Property 'from' does not exist on type 'Promise<SupabaseClient<Database, "public", "public", { Tables: { sirket_resmi_bilgiler: { Row: { id: string; kategori: string; baslik: string; deger: string; sira: number; onemli_mi: boolean | null; created_at: string; updated_at: string; }; Insert: { ...; }; Update: { ...; }; Relationships: []; }; ... 49 more ...; ...'.
src/app/[locale]/admin/crm/firmalar/[firmaId]/siparisler/page.tsx(152,61): error TS2322: Type 'number' is not assignable to type 'never'.
src/app/[locale]/admin/crm/firmalar/[firmaId]/siparisler/yeni/page.tsx(57,13): error TS2345: Argument of type 'PostgrestBuilder<{ PostgrestVersion: "13.0.5"; }, { unvan: string; adres: string | null; }, false>' is not assignable to parameter of type 'never'.
src/app/[locale]/admin/crm/firmalar/[firmaId]/siparisler/yeni/page.tsx(62,13): error TS2345: Argument of type 'PromiseLike<{ data: { id: string; unvan: string; }[] | null; error: PostgrestError | null; }>' is not assignable to parameter of type 'never'.
src/app/[locale]/admin/crm/firmalar/[firmaId]/siparisler/yeni/page.tsx(72,9): error TS2345: Argument of type 'PostgrestFilterBuilder<{ PostgrestVersion: "13.0.5"; }, { Tables: { sirket_resmi_bilgiler: { Row: { id: string; kategori: string; baslik: string; deger: string; sira: number; onemli_mi: boolean | null; created_at: string; updated_at: string; }; Insert: { ...; }; Update: { ...; }; Relationships: []; }; ... 49 more .....' is not assignable to parameter of type 'never'.
src/app/[locale]/admin/crm/firmalar/[firmaId]/siparisler/yeni/page.tsx(78,40): error TS2769: No overload matches this call.
  The last overload gave the following error.
    Object literal may only specify known properties, and 'referencedTable' does not exist in type '{ ascending?: boolean | undefined; nullsFirst?: boolean | undefined; foreignTable?: string | undefined; }'.
src/app/[locale]/admin/crm/firmalar/[firmaId]/siparisler/yeni/page.tsx(79,33): error TS2769: No overload matches this call.
  The last overload gave the following error.
    Object literal may only specify known properties, and 'referencedTable' does not exist in type '{ ascending?: boolean | undefined; nullsFirst?: boolean | undefined; foreignTable?: string | undefined; }'.
src/app/[locale]/admin/crm/firmalar/[firmaId]/siparisler/yeni/page.tsx(87,36): error TS2339: Property 'error' does not exist on type 'never'.
src/app/[locale]/admin/crm/firmalar/[firmaId]/siparisler/yeni/page.tsx(89,33): error TS2339: Property 'data' does not exist on type 'never'.
src/app/[locale]/admin/crm/firmalar/[firmaId]/siparisler/yeni/page.tsx(138,17): error TS2322: Type 'string | undefined' is not assignable to type 'string'.
  Type 'undefined' is not assignable to type 'string'.
src/app/[locale]/admin/crm/firmalar/FirmaRow.tsx(68,18): error TS2345: Argument of type '{ id: any; unvan: any; adres: any; sehir: any; ilce: any; posta_kodu: any; google_maps_url: any; telefon: any; }' is not assignable to parameter of type 'SelectedCompany'.
  Property 'parent_firma_id' is missing in type '{ id: any; unvan: any; adres: any; sehir: any; ilce: any; posta_kodu: any; google_maps_url: any; telefon: any; }' but required in type 'SelectedCompany'.
src/app/[locale]/admin/crm/firmalar/page.tsx(158,48): error TS2345: Argument of type 'string' is not assignable to parameter of type 'NonNullable<"M├╝┼ƒteri" | "Aday" | "Takipte" | "Temas Kuruldu" | "─░leti┼ƒimde" | "Pasif" | "ISITILIYOR" | "TEMAS ED─░LD─░" | "POTANS─░YEL" | "ADAY" | "─░LET─░┼×─░MDE" | "M├£┼×TER─░" | "PAS─░F" | "REDDED─░LD─░" | "NUMUNE VER─░LD─░" | null>'.
src/app/[locale]/admin/crm/firmalar/page.tsx(193,13): error TS2322: Type 'PostgrestError' is not assignable to type 'null'.
src/app/[locale]/admin/crm/firmalar/page.tsx(205,56): error TS2339: Property 'message' does not exist on type 'never'.
src/app/[locale]/admin/crm/firmalar/yeni/page.tsx(274,7): error TS2322: Type '"A"' is not assignable to type '"Alt Bayi" | "Kafe" | "Restoran" | "Otel" | "Zincir Market" | "Shisha & Lounge" | "Coffee Shop & Eiscaf├®" | "Casual Dining" | "Hotel & Event" | "Rakip/├£retici" | "Catering"'.
src/app/[locale]/admin/crm/firmalar/yeni/page.tsx(275,7): error TS2322: Type '"B"' is not assignable to type '"Alt Bayi" | "Kafe" | "Restoran" | "Otel" | "Zincir Market" | "Shisha & Lounge" | "Coffee Shop & Eiscaf├®" | "Casual Dining" | "Hotel & Event" | "Rakip/├£retici" | "Catering"'.
src/app/[locale]/admin/crm/firmalar/yeni/page.tsx(276,7): error TS2322: Type '"C"' is not assignable to type '"Alt Bayi" | "Kafe" | "Restoran" | "Otel" | "Zincir Market" | "Shisha & Lounge" | "Coffee Shop & Eiscaf├®" | "Casual Dining" | "Hotel & Event" | "Rakip/├£retici" | "Catering"'.
src/app/[locale]/admin/crm/firmalar/yeni/page.tsx(277,7): error TS2322: Type '"D"' is not assignable to type '"Alt Bayi" | "Kafe" | "Restoran" | "Otel" | "Zincir Market" | "Shisha & Lounge" | "Coffee Shop & Eiscaf├®" | "Casual Dining" | "Hotel & Event" | "Rakip/├£retici" | "Catering"'.
src/app/[locale]/admin/crm/firmalar/yeni/page.tsx(325,32): error TS18048: 'searchParams' is possibly 'undefined'.
src/app/[locale]/admin/crm/firmalar/yeni/page.tsx(325,45): error TS2339: Property 'duplicate_name' does not exist on type 'Promise<{ [key: string]: string | string[] | undefined; }>'.
src/app/[locale]/admin/crm/firmalar/yeni/page.tsx(329,66): error TS18048: 'searchParams' is possibly 'undefined'.
src/app/[locale]/admin/crm/firmalar/yeni/page.tsx(329,79): error TS2339: Property 'duplicate_id' does not exist on type 'Promise<{ [key: string]: string | string[] | undefined; }>'.
src/app/[locale]/admin/dashboard/page.tsx(147,22): error TS2345: Argument of type '"get_kasa_ozeti"' is not assignable to parameter of type '"alt_bayi_satis_olustur_ve_stok_dus" | "calculate_actual_landed_cost" | "calculate_tier_price" | "count_profiles_by_status" | "count_users_by_status" | "create_expenses_from_template" | ... 24 more ... | "update_order_status_and_log_activity"'.
src/app/[locale]/admin/dashboard/page.tsx(161,31): error TS2339: Property 'totalRevenue' does not exist on type 'string | number | boolean | { [key: string]: Json | undefined; } | Json[]'.
  Property 'totalRevenue' does not exist on type 'string'.
src/app/[locale]/admin/dashboard/page.tsx(162,29): error TS2339: Property 'totalRevenue' does not exist on type 'string | number | boolean | { [key: string]: Json | undefined; } | Json[]'.
  Property 'totalRevenue' does not exist on type 'string'.
src/app/[locale]/admin/dashboard/page.tsx(162,58): error TS2339: Property 'totalRevenue' does not exist on type 'string | number | boolean | { [key: string]: Json | undefined; } | Json[]'.
  Property 'totalRevenue' does not exist on type 'string'.
src/app/[locale]/admin/dashboard/page.tsx(162,82): error TS2339: Property 'totalRevenue' does not exist on type 'string | number | boolean | { [key: string]: Json | undefined; } | Json[]'.
  Property 'totalRevenue' does not exist on type 'string'.
src/app/[locale]/admin/dashboard/page.tsx(202,44): error TS2345: Argument of type '"get_kasa_ozeti"' is not assignable to parameter of type '"alt_bayi_satis_olustur_ve_stok_dus" | "calculate_actual_landed_cost" | "calculate_tier_price" | "count_profiles_by_status" | "count_users_by_status" | "create_expenses_from_template" | ... 24 more ... | "update_order_status_and_log_activity"'.
src/app/[locale]/admin/dashboard/page.tsx(246,83): error TS2339: Property 'totalRevenue' does not exist on type 'string | number | boolean | { [key: string]: Json | undefined; } | Json[]'.
  Property 'totalRevenue' does not exist on type 'string'.
src/app/[locale]/admin/dashboard/page.tsx(247,83): error TS2339: Property 'totalCogs' does not exist on type 'string | number | boolean | { [key: string]: Json | undefined; } | Json[]'.
  Property 'totalCogs' does not exist on type 'string'.
src/app/[locale]/admin/dashboard/page.tsx(248,82): error TS2339: Property 'grossProfit' does not exist on type 'string | number | boolean | { [key: string]: Json | undefined; } | Json[]'.
  Property 'grossProfit' does not exist on type 'string'.
src/app/[locale]/admin/dashboard/page.tsx(248,109): error TS2339: Property 'grossProfit' does not exist on type 'string | number | boolean | { [key: string]: Json | undefined; } | Json[]'.
  Property 'grossProfit' does not exist on type 'string'.
src/app/[locale]/admin/dashboard/page.tsx(249,83): error TS2339: Property 'totalExpenses' does not exist on type 'string | number | boolean | { [key: string]: Json | undefined; } | Json[]'.
  Property 'totalExpenses' does not exist on type 'string'.
src/app/[locale]/admin/dashboard/page.tsx(250,83): error TS2339: Property 'netProfit' does not exist on type 'string | number | boolean | { [key: string]: Json | undefined; } | Json[]'.
  Property 'netProfit' does not exist on type 'string'.
src/app/[locale]/admin/dashboard/page.tsx(250,110): error TS2339: Property 'netProfit' does not exist on type 'string | number | boolean | { [key: string]: Json | undefined; } | Json[]'.
  Property 'netProfit' does not exist on type 'string'.
src/app/[locale]/admin/dashboard/page.tsx(260,64): error TS2339: Property 'netProfit' does not exist on type 'string | number | true | { [key: string]: Json | undefined; } | Json[]'.
  Property 'netProfit' does not exist on type 'string'.
src/app/[locale]/admin/dashboard/page.tsx(268,89): error TS2339: Property 'totalRevenue' does not exist on type 'string | number | boolean | { [key: string]: Json | undefined; } | Json[]'.
  Property 'totalRevenue' does not exist on type 'string'.
src/app/[locale]/admin/dashboard/page.tsx(357,139): error TS2345: Argument of type 'string' is not assignable to parameter of type 'Locale'.
src/app/[locale]/admin/dashboard/page.tsx(394,136): error TS2345: Argument of type 'string' is not assignable to parameter of type 'Locale'.
src/app/[locale]/admin/dashboard/page.tsx(404,120): error TS2345: Argument of type 'string' is not assignable to parameter of type 'Locale'.
src/app/[locale]/admin/dashboard/page.tsx(475,100): error TS2345: Argument of type 'string' is not assignable to parameter of type 'Locale'.
src/app/[locale]/admin/dashboard/page.tsx(558,82): error TS2339: Property 'totalRevenue' does not exist on type 'string | number | boolean | { [key: string]: Json | undefined; } | Json[]'.
  Property 'totalRevenue' does not exist on type 'string'.
src/app/[locale]/admin/dashboard/page.tsx(559,82): error TS2339: Property 'grossProfit' does not exist on type 'string | number | boolean | { [key: string]: Json | undefined; } | Json[]'.
  Property 'grossProfit' does not exist on type 'string'.
src/app/[locale]/admin/dashboard/page.tsx(560,82): error TS2339: Property 'totalExpenses' does not exist on type 'string | number | boolean | { [key: string]: Json | undefined; } | Json[]'.
  Property 'totalExpenses' does not exist on type 'string'.
src/app/[locale]/admin/dashboard/page.tsx(561,82): error TS2339: Property 'netProfit' does not exist on type 'string | number | boolean | { [key: string]: Json | undefined; } | Json[]'.
  Property 'netProfit' does not exist on type 'string'.
src/app/[locale]/admin/dashboard/page.tsx(561,189): error TS2339: Property 'netProfit' does not exist on type 'string | number | boolean | { [key: string]: Json | undefined; } | Json[]'.
  Property 'netProfit' does not exist on type 'string'.
src/app/[locale]/admin/dashboard/page.tsx(633,102): error TS2339: Property 'totalExpenses' does not exist on type 'string | number | boolean | { [key: string]: Json | undefined; } | Json[]'.
  Property 'totalExpenses' does not exist on type 'string'.
src/app/[locale]/admin/gorevler/ekle/page.tsx(66,60): error TS2769: No overload matches this call.
  Overload 1 of 2, '(values: { aciklama?: string | null | undefined; atanan_kisi_id: string; baslik: string; created_at?: string | undefined; durum?: "Yap─▒lacak" | "Devam Ediyor" | "Tamamland─▒" | undefined; ... 6 more ...; tamamlandi?: boolean | undefined; }, options?: { ...; } | undefined): PostgrestFilterBuilder<...>', gave the following error.
    Argument of type 'Partial<{ aciklama: string | null; atanan_kisi_id: string; baslik: string; created_at: string; durum: "Yap─▒lacak" | "Devam Ediyor" | "Tamamland─▒"; id: string; ilgili_firma_id: string | null; ... 4 more ...; tamamlandi: boolean; }>' is not assignable to parameter of type '{ aciklama?: string | null | undefined; atanan_kisi_id: string; baslik: string; created_at?: string | undefined; durum?: "Yap─▒lacak" | "Devam Ediyor" | "Tamamland─▒" | undefined; id?: string | undefined; ... 5 more ...; tamamlandi?: boolean | undefined; }'.
      Types of property 'atanan_kisi_id' are incompatible.
        Type 'string | undefined' is not assignable to type 'string'.
          Type 'undefined' is not assignable to type 'string'.
  Overload 2 of 2, '(values: { aciklama?: string | null | undefined; atanan_kisi_id: string; baslik: string; created_at?: string | undefined; durum?: "Yap─▒lacak" | "Devam Ediyor" | "Tamamland─▒" | undefined; ... 6 more ...; tamamlandi?: boolean | undefined; }[], options?: { ...; } | undefined): PostgrestFilterBuilder<...>', gave the following error.
    Argument of type 'Partial<{ aciklama: string | null; atanan_kisi_id: string; baslik: string; created_at: string; durum: "Yap─▒lacak" | "Devam Ediyor" | "Tamamland─▒"; id: string; ilgili_firma_id: string | null; ... 4 more ...; tamamlandi: boolean; }>' is not assignable to parameter of type '{ aciklama?: string | null | undefined; atanan_kisi_id: string; baslik: string; created_at?: string | undefined; durum?: "Yap─▒lacak" | "Devam Ediyor" | "Tamamland─▒" | undefined; id?: string | undefined; ... 5 more ...; tamamlandi?: boolean | undefined; }[]'.
      Type 'Partial<{ aciklama: string | null; atanan_kisi_id: string; baslik: string; created_at: string; durum: "Yap─▒lacak" | "Devam Ediyor" | "Tamamland─▒"; id: string; ilgili_firma_id: string | null; ... 4 more ...; tamamlandi: boolean; }>' is missing the following properties from type '{ aciklama?: string | null | undefined; atanan_kisi_id: string; baslik: string; created_at?: string | undefined; durum?: "Yap─▒lacak" | "Devam Ediyor" | "Tamamland─▒" | undefined; id?: string | undefined; ... 5 more ...; tamamlandi?: boolean | undefined; }[]': length, pop, push, concat, and 35 more.
src/app/[locale]/admin/gorevler/ekle/page.tsx(107,70): error TS2322: Type '"Acil"' is not assignable to type '"D├╝┼ƒ├╝k" | "Orta" | "Y├╝ksek"'.
src/app/[locale]/admin/idari/finans/gider-sablonlari/page.tsx(89,13): error TS2322: Type '{ initialSablonlar: GiderSablonWithDetails[]; hauptKategorien: { ad: string; ad_translations: Json; id: string; }[]; giderKalemleri: { ad: string; ad_translations: Json; ana_kategori_id: string; id: string; }[]; dictionary: any; locale: Locale; isSuperAdmin: boolean; }' is not assignable to type 'IntrinsicAttributes & GiderSablonlariClientProps'.
  Property 'giderKalemleri' does not exist on type 'IntrinsicAttributes & GiderSablonlariClientProps'.
src/app/[locale]/admin/idari/finans/giderler/GiderlerYeniClient.tsx(175,70): error TS2345: Argument of type 'undefined' is not assignable to parameter of type 'GiderFormState'.
src/app/[locale]/admin/idari/finans/giderler/GiderlerYeniClient.tsx(177,54): error TS2345: Argument of type 'undefined' is not assignable to parameter of type 'GiderFormState'.
src/app/[locale]/admin/idari/finans/giderler/GiderlerYeniClient.tsx(579,70): error TS2339: Property 'gider_kalemleri' does not exist on type 'GiderYeni'.
src/app/[locale]/admin/idari/finans/kasa/page.tsx(17,15): error TS2769: No overload matches this call.
  Overload 1 of 2, '(relation: "documents" | "profiller" | "alt_bayi_satislar" | "urunler" | "alt_bayi_satis_kayitlari" | "firmalar" | "birimler" | "urun_degerlendirmeleri" | "document_folders" | "siparisler" | ... 40 more ... | "yeni_urun_talepleri"): PostgrestQueryBuilder<...>', gave the following error.
    Argument of type '"finans_kasa_islemleri"' is not assignable to parameter of type '"documents" | "profiller" | "alt_bayi_satislar" | "urunler" | "alt_bayi_satis_kayitlari" | "firmalar" | "birimler" | "urun_degerlendirmeleri" | "document_folders" | "siparisler" | ... 40 more ... | "yeni_urun_talepleri"'.
  Overload 2 of 2, '(relation: "kullanici_segment_bilgileri" | "public_urunler_katalog" | "favori_urunler_istatistik"): PostgrestQueryBuilder<{ PostgrestVersion: "13.0.5"; }, { Tables: { sirket_resmi_bilgiler: { Row: { ...; }; Insert: { ...; }; Update: { ...; }; Relationships: []; }; ... 49 more ...; yeni_urun_talepleri: { ...; }; }; Views: { ...; }; Functions: { ...; }; Enums: { ...; }; CompositeTypes: { ...; }; }, { ...; } | ... 1 more ... | { ...; }, "kullanici_segment_bilgileri" | ... 1 more ... | "favori_urunler_istatistik", [] | ... 1 more ... | [...]>', gave the following error.
    Argument of type '"finans_kasa_islemleri"' is not assignable to parameter of type '"kullanici_segment_bilgileri" | "public_urunler_katalog" | "favori_urunler_istatistik"'.
src/app/[locale]/admin/idari/finans/kasa/page.tsx(26,82): error TS2367: This comparison appears to be unintentional because the types '"Personel" | "Ekip ├£yesi" | "M├╝┼ƒteri" | "Alt Bayi"' and '"Kurucu"' have no overlap.
src/app/[locale]/admin/idari/finans/kasa/page.tsx(26,104): error TS2367: This comparison appears to be unintentional because the types '"Personel" | "Ekip ├£yesi" | "M├╝┼ƒteri" | "Alt Bayi"' and '"Ortak"' have no overlap.
src/app/[locale]/admin/idari/finans/kasa/page.tsx(29,51): error TS2345: Argument of type '"get_kasa_ozeti"' is not assignable to parameter of type '"alt_bayi_satis_olustur_ve_stok_dus" | "calculate_actual_landed_cost" | "calculate_tier_price" | "count_profiles_by_status" | "count_users_by_status" | "create_expenses_from_template" | ... 24 more ... | "update_order_status_and_log_activity"'.
src/app/[locale]/admin/idari/finans/kasa/page.tsx(64,25): error TS2322: Type '({ firma_id: string | null; id: string; rol: "Personel" | "Y├Ânetici" | "Ekip ├£yesi" | "M├╝┼ƒteri" | "Alt Bayi"; tam_ad: string | null; tercih_edilen_dil: string; } | { alici_id: string; ... 4 more ...; okundu_mu: boolean; } | ... 48 more ... | { ...; })[]' is not assignable to type 'KasaIslemi[]'.
  Type '{ firma_id: string | null; id: string; rol: "Personel" | "Y├Ânetici" | "Ekip ├£yesi" | "M├╝┼ƒteri" | "Alt Bayi"; tam_ad: string | null; tercih_edilen_dil: string; } | { alici_id: string; ... 4 more ...; okundu_mu: boolean; } | ... 48 more ... | { ...; }' is not assignable to type 'KasaIslemi'.
    Type '{ firma_id: string | null; id: string; rol: "Personel" | "Y├Ânetici" | "Ekip ├£yesi" | "M├╝┼ƒteri" | "Alt Bayi"; tam_ad: string | null; tercih_edilen_dil: string; }' is missing the following properties from type 'KasaIslemi': tarih, islem_tipi, kasa_tipi, tutar, and 2 more.
src/app/[locale]/admin/idari/finans/ortaklar/page.tsx(34,82): error TS2367: This comparison appears to be unintentional because the types '"Personel" | "Ekip ├£yesi" | "M├╝┼ƒteri" | "Alt Bayi"' and '"Kurucu"' have no overlap.
src/app/[locale]/admin/idari/finans/ortaklar/page.tsx(34,104): error TS2367: This comparison appears to be unintentional because the types '"Personel" | "Ekip ├£yesi" | "M├╝┼ƒteri" | "Alt Bayi"' and '"Ortak"' have no overlap.
src/app/[locale]/admin/idari/finans/ortaklar/page.tsx(97,13): error TS2322: Type 'unknown[]' is not assignable to type 'OrtakOzet[]'.
  Type 'unknown' is not assignable to type 'OrtakOzet'.
src/app/[locale]/admin/idari/finans/raporlama/gelirler/page.tsx(334,46): error TS2322: Type '(v: number) => string' is not assignable to type 'Formatter<number, NameType> & ((value: number, name: NameType, item: Payload<number, NameType>, index: number, payload: Payload<number, NameType>[]) => ReactNode | [...])'.
  Type '(v: number) => string' is not assignable to type 'Formatter<number, NameType>'.
    Types of parameters 'v' and 'value' are incompatible.
      Type 'number | undefined' is not assignable to type 'number'.
        Type 'undefined' is not assignable to type 'number'.
src/app/[locale]/admin/idari/finans/raporlama/gelirler/page.tsx(359,50): error TS2322: Type '(v: number) => string' is not assignable to type 'Formatter<number, NameType> & ((value: number, name: NameType, item: Payload<number, NameType>, index: number, payload: Payload<number, NameType>[]) => ReactNode | [...])'.
  Type '(v: number) => string' is not assignable to type 'Formatter<number, NameType>'.
    Types of parameters 'v' and 'value' are incompatible.
      Type 'number | undefined' is not assignable to type 'number'.
        Type 'undefined' is not assignable to type 'number'.
src/app/[locale]/admin/idari/finans/raporlama/gelirler/page.tsx(401,54): error TS2322: Type '(v: number) => string' is not assignable to type 'Formatter<number, NameType> & ((value: number, name: NameType, item: Payload<number, NameType>, index: number, payload: Payload<number, NameType>[]) => ReactNode | [...])'.
  Type '(v: number) => string' is not assignable to type 'Formatter<number, NameType>'.
    Types of parameters 'v' and 'value' are incompatible.
      Type 'number | undefined' is not assignable to type 'number'.
        Type 'undefined' is not assignable to type 'number'.
src/app/[locale]/admin/idari/finans/raporlama/giderler/page.tsx(397,54): error TS2322: Type '(v: number) => string' is not assignable to type 'Formatter<number, NameType> & ((value: number, name: NameType, item: Payload<number, NameType>, index: number, payload: Payload<number, NameType>[]) => ReactNode | [...])'.
  Type '(v: number) => string' is not assignable to type 'Formatter<number, NameType>'.
    Types of parameters 'v' and 'value' are incompatible.
      Type 'number | undefined' is not assignable to type 'number'.
        Type 'undefined' is not assignable to type 'number'.
src/app/[locale]/admin/idari/finans/raporlama/giderler/page.tsx(486,50): error TS2322: Type '(v: number) => string' is not assignable to type 'Formatter<number, NameType> & ((value: number, name: NameType, item: Payload<number, NameType>, index: number, payload: Payload<number, NameType>[]) => ReactNode | [...])'.
  Type '(v: number) => string' is not assignable to type 'Formatter<number, NameType>'.
    Types of parameters 'v' and 'value' are incompatible.
      Type 'number | undefined' is not assignable to type 'number'.
        Type 'undefined' is not assignable to type 'number'.
src/app/[locale]/admin/idari/finans/raporlama/giderler/page.tsx(533,54): error TS2322: Type '(v: number) => string' is not assignable to type 'Formatter<number, NameType> & ((value: number, name: NameType, item: Payload<number, NameType>, index: number, payload: Payload<number, NameType>[]) => ReactNode | [...])'.
  Type '(v: number) => string' is not assignable to type 'Formatter<number, NameType>'.
    Types of parameters 'v' and 'value' are incompatible.
      Type 'number | undefined' is not assignable to type 'number'.
        Type 'undefined' is not assignable to type 'number'.
src/app/[locale]/admin/idari/finans/raporlama/giderler/page.tsx(553,46): error TS2322: Type '(v: number) => string' is not assignable to type 'Formatter<number, NameType> & ((value: number, name: NameType, item: Payload<number, NameType>, index: number, payload: Payload<number, NameType>[]) => ReactNode | [...])'.
  Type '(v: number) => string' is not assignable to type 'Formatter<number, NameType>'.
    Types of parameters 'v' and 'value' are incompatible.
      Type 'number | undefined' is not assignable to type 'number'.
        Type 'undefined' is not assignable to type 'number'.
src/app/[locale]/admin/idari/finans/raporlama/talep-analizi/page.tsx(360,50): error TS2322: Type '(v: number) => string' is not assignable to type 'Formatter<number, NameType> & ((value: number, name: NameType, item: Payload<number, NameType>, index: number, payload: Payload<number, NameType>[]) => ReactNode | [...])'.
  Type '(v: number) => string' is not assignable to type 'Formatter<number, NameType>'.
    Types of parameters 'v' and 'value' are incompatible.
      Type 'number | undefined' is not assignable to type 'number'.
        Type 'undefined' is not assignable to type 'number'.
src/app/[locale]/admin/idari/finans/raporlama/talep-analizi/page.tsx(383,50): error TS2322: Type '(v: number) => string' is not assignable to type 'Formatter<number, NameType> & ((value: number, name: NameType, item: Payload<number, NameType>, index: number, payload: Payload<number, NameType>[]) => ReactNode | [...])'.
  Type '(v: number) => string' is not assignable to type 'Formatter<number, NameType>'.
    Types of parameters 'v' and 'value' are incompatible.
      Type 'number | undefined' is not assignable to type 'number'.
        Type 'undefined' is not assignable to type 'number'.
src/app/[locale]/admin/operasyon/numune-talepleri/page.tsx(61,10): error TS2339: Property 'from' does not exist on type 'Promise<SupabaseClient<Database, "public", "public", { Tables: { sirket_resmi_bilgiler: { Row: { id: string; kategori: string; baslik: string; deger: string; sira: number; onemli_mi: boolean | null; created_at: string; updated_at: string; }; Insert: { ...; }; Update: { ...; }; Relationships: []; }; ... 49 more ...; ...'.
src/app/[locale]/admin/operasyon/numune-talepleri/page.tsx(75,58): error TS2339: Property 'from' does not exist on type 'Promise<SupabaseClient<Database, "public", "public", { Tables: { sirket_resmi_bilgiler: { Row: { id: string; kategori: string; baslik: string; deger: string; sira: number; onemli_mi: boolean | null; created_at: string; updated_at: string; }; Insert: { ...; }; Update: { ...; }; Relationships: []; }; ... 49 more ...; ...'.
src/app/[locale]/admin/operasyon/numune-talepleri/page.tsx(92,18): error TS2339: Property 'from' does not exist on type 'Promise<SupabaseClient<Database, "public", "public", { Tables: { sirket_resmi_bilgiler: { Row: { id: string; kategori: string; baslik: string; deger: string; sira: number; onemli_mi: boolean | null; created_at: string; updated_at: string; }; Insert: { ...; }; Update: { ...; }; Relationships: []; }; ... 49 more ...; ...'.
src/app/[locale]/admin/operasyon/numune-talepleri/page.tsx(119,14): error TS2739: Type '{ firmalar: any; durumlar: { anahtar: "Onayland─▒" | "Yeni Talep" | "Haz─▒rlan─▒yor" | "G├Ânderildi" | "─░ptal Edildi"; deger: string; }[]; }' is missing the following properties from type 'NumuneFiltreleriProps': searchPlaceholder, allCompaniesText, allStatusesText
src/app/[locale]/admin/operasyon/numune-talepleri/page.tsx(163,61): error TS2322: Type 'number' is not assignable to type 'never'.
src/app/[locale]/admin/operasyon/numune-talepleri/page.tsx(183,54): error TS2739: Type '{ anfrageId: string; }' is missing the following properties from type 'NumuneCancelButtonProps': label, promptText, emptyReasonError
src/app/[locale]/admin/operasyon/referanslar/ReferanslarClient.tsx(201,25): error TS2769: No overload matches this call.
  Overload 1 of 2, '(relation: "documents" | "profiller" | "alt_bayi_satislar" | "urunler" | "alt_bayi_satis_kayitlari" | "firmalar" | "birimler" | "urun_degerlendirmeleri" | "document_folders" | "siparisler" | ... 40 more ... | "yeni_urun_talepleri"): PostgrestQueryBuilder<...>', gave the following error.
    Argument of type '"is_ortaklari"' is not assignable to parameter of type '"documents" | "profiller" | "alt_bayi_satislar" | "urunler" | "alt_bayi_satis_kayitlari" | "firmalar" | "birimler" | "urun_degerlendirmeleri" | "document_folders" | "siparisler" | ... 40 more ... | "yeni_urun_talepleri"'.
  Overload 2 of 2, '(relation: "kullanici_segment_bilgileri" | "public_urunler_katalog" | "favori_urunler_istatistik"): PostgrestQueryBuilder<{ PostgrestVersion: "13.0.5"; }, { Tables: { sirket_resmi_bilgiler: { Row: { ...; }; Insert: { ...; }; Update: { ...; }; Relationships: []; }; ... 49 more ...; yeni_urun_talepleri: { ...; }; }; Views: { ...; }; Functions: { ...; }; Enums: { ...; }; CompositeTypes: { ...; }; }, { ...; } | ... 1 more ... | { ...; }, "kullanici_segment_bilgileri" | ... 1 more ... | "favori_urunler_istatistik", [] | ... 1 more ... | [...]>', gave the following error.
    Argument of type '"is_ortaklari"' is not assignable to parameter of type '"kullanici_segment_bilgileri" | "public_urunler_katalog" | "favori_urunler_istatistik"'.
src/app/[locale]/admin/operasyon/referanslar/ReferanslarClient.tsx(202,17): error TS2589: Type instantiation is excessively deep and possibly infinite.
src/app/[locale]/admin/operasyon/referanslar/ReferanslarClient.tsx(202,25): error TS2769: No overload matches this call.
  Overload 1 of 2, '(relation: "documents" | "profiller" | "alt_bayi_satislar" | "urunler" | "alt_bayi_satis_kayitlari" | "firmalar" | "birimler" | "urun_degerlendirmeleri" | "document_folders" | "siparisler" | ... 40 more ... | "yeni_urun_talepleri"): PostgrestQueryBuilder<...>', gave the following error.
    Argument of type '"kargo_teklifleri"' is not assignable to parameter of type '"documents" | "profiller" | "alt_bayi_satislar" | "urunler" | "alt_bayi_satis_kayitlari" | "firmalar" | "birimler" | "urun_degerlendirmeleri" | "document_folders" | "siparisler" | ... 40 more ... | "yeni_urun_talepleri"'.
  Overload 2 of 2, '(relation: "kullanici_segment_bilgileri" | "public_urunler_katalog" | "favori_urunler_istatistik"): PostgrestQueryBuilder<{ PostgrestVersion: "13.0.5"; }, { Tables: { sirket_resmi_bilgiler: { Row: { ...; }; Insert: { ...; }; Update: { ...; }; Relationships: []; }; ... 49 more ...; yeni_urun_talepleri: { ...; }; }; Views: { ...; }; Functions: { ...; }; Enums: { ...; }; CompositeTypes: { ...; }; }, { ...; } | ... 1 more ... | { ...; }, "kullanici_segment_bilgileri" | ... 1 more ... | "favori_urunler_istatistik", [] | ... 1 more ... | [...]>', gave the following error.
    Argument of type '"kargo_teklifleri"' is not assignable to parameter of type '"kullanici_segment_bilgileri" | "public_urunler_katalog" | "favori_urunler_istatistik"'.
src/app/[locale]/admin/operasyon/referanslar/ReferanslarClient.tsx(203,25): error TS2769: No overload matches this call.
  Overload 1 of 2, '(relation: "documents" | "profiller" | "alt_bayi_satislar" | "urunler" | "alt_bayi_satis_kayitlari" | "firmalar" | "birimler" | "urun_degerlendirmeleri" | "document_folders" | "siparisler" | ... 40 more ... | "yeni_urun_talepleri"): PostgrestQueryBuilder<...>', gave the following error.
    Argument of type '"is_ortaklari"' is not assignable to parameter of type '"documents" | "profiller" | "alt_bayi_satislar" | "urunler" | "alt_bayi_satis_kayitlari" | "firmalar" | "birimler" | "urun_degerlendirmeleri" | "document_folders" | "siparisler" | ... 40 more ... | "yeni_urun_talepleri"'.
  Overload 2 of 2, '(relation: "kullanici_segment_bilgileri" | "public_urunler_katalog" | "favori_urunler_istatistik"): PostgrestQueryBuilder<{ PostgrestVersion: "13.0.5"; }, { Tables: { sirket_resmi_bilgiler: { Row: { ...; }; Insert: { ...; }; Update: { ...; }; Relationships: []; }; ... 49 more ...; yeni_urun_talepleri: { ...; }; }; Views: { ...; }; Functions: { ...; }; Enums: { ...; }; CompositeTypes: { ...; }; }, { ...; } | ... 1 more ... | { ...; }, "kullanici_segment_bilgileri" | ... 1 more ... | "favori_urunler_istatistik", [] | ... 1 more ... | [...]>', gave the following error.
    Argument of type '"is_ortaklari"' is not assignable to parameter of type '"kullanici_segment_bilgileri" | "public_urunler_katalog" | "favori_urunler_istatistik"'.
src/app/[locale]/admin/operasyon/referanslar/ReferanslarClient.tsx(212,72): error TS2339: Property 'firma_id' does not exist on type 'ResultOne'.
src/app/[locale]/admin/operasyon/referanslar/ReferanslarClient.tsx(212,95): error TS2339: Property 'aktif' does not exist on type 'ResultOne'.
src/app/[locale]/admin/operasyon/referanslar/ReferanslarClient.tsx(214,58): error TS2339: Property 'fiyat_kg' does not exist on type 'ResultOne'.
src/app/[locale]/admin/operasyon/referanslar/ReferanslarClient.tsx(214,102): error TS2339: Property 'teklif_tarihi' does not exist on type 'ResultOne'.
src/app/[locale]/admin/operasyon/referanslar/ReferanslarClient.tsx(239,27): error TS2345: Argument of type '({ firma_id: string | null; id: string; rol: "Personel" | "Y├Ânetici" | "Ekip ├£yesi" | "M├╝┼ƒteri" | "Alt Bayi"; tam_ad: string | null; tercih_edilen_dil: string; } | { alici_id: string; ... 4 more ...; okundu_mu: boolean; } | ... 48 more ... | { ...; })[]' is not assignable to parameter of type 'SetStateAction<Irtibat[]>'.
  Type '({ firma_id: string | null; id: string; rol: "Personel" | "Y├Ânetici" | "Ekip ├£yesi" | "M├╝┼ƒteri" | "Alt Bayi"; tam_ad: string | null; tercih_edilen_dil: string; } | { alici_id: string; ... 4 more ...; okundu_mu: boolean; } | ... 48 more ... | { ...; })[]' is not assignable to type 'Irtibat[]'.
    Type '{ firma_id: string | null; id: string; rol: "Personel" | "Y├Ânetici" | "Ekip ├£yesi" | "M├╝┼ƒteri" | "Alt Bayi"; tam_ad: string | null; tercih_edilen_dil: string; } | { alici_id: string; ... 4 more ...; okundu_mu: boolean; } | ... 48 more ... | { ...; }' is not assignable to type 'Irtibat'.
      Type '{ firma_id: string | null; id: string; rol: "Personel" | "Y├Ânetici" | "Ekip ├£yesi" | "M├╝┼ƒteri" | "Alt Bayi"; tam_ad: string | null; tercih_edilen_dil: string; }' is missing the following properties from type 'Irtibat': ad, sirket_adi, unvan, kategori, and 5 more.
src/app/[locale]/admin/operasyon/referanslar/ReferanslarClient.tsx(294,29): error TS2769: No overload matches this call.
  Overload 1 of 2, '(relation: "documents" | "profiller" | "alt_bayi_satislar" | "urunler" | "alt_bayi_satis_kayitlari" | "firmalar" | "birimler" | "urun_degerlendirmeleri" | "document_folders" | "siparisler" | ... 40 more ... | "yeni_urun_talepleri"): PostgrestQueryBuilder<...>', gave the following error.
    Argument of type '"is_ortaklari"' is not assignable to parameter of type '"documents" | "profiller" | "alt_bayi_satislar" | "urunler" | "alt_bayi_satis_kayitlari" | "firmalar" | "birimler" | "urun_degerlendirmeleri" | "document_folders" | "siparisler" | ... 40 more ... | "yeni_urun_talepleri"'.
  Overload 2 of 2, '(relation: "kullanici_segment_bilgileri" | "public_urunler_katalog" | "favori_urunler_istatistik"): PostgrestQueryBuilder<{ PostgrestVersion: "13.0.5"; }, { Tables: { sirket_resmi_bilgiler: { Row: { ...; }; Insert: { ...; }; Update: { ...; }; Relationships: []; }; ... 49 more ...; yeni_urun_talepleri: { ...; }; }; Views: { ...; }; Functions: { ...; }; Enums: { ...; }; CompositeTypes: { ...; }; }, { ...; } | ... 1 more ... | { ...; }, "kullanici_segment_bilgileri" | ... 1 more ... | "favori_urunler_istatistik", [] | ... 1 more ... | [...]>', gave the following error.
    Argument of type '"is_ortaklari"' is not assignable to parameter of type '"kullanici_segment_bilgileri" | "public_urunler_katalog" | "favori_urunler_istatistik"'.
src/app/[locale]/admin/operasyon/referanslar/ReferanslarClient.tsx(295,29): error TS2769: No overload matches this call.
  Overload 1 of 2, '(relation: "documents" | "profiller" | "alt_bayi_satislar" | "urunler" | "alt_bayi_satis_kayitlari" | "firmalar" | "birimler" | "urun_degerlendirmeleri" | "document_folders" | "siparisler" | ... 40 more ... | "yeni_urun_talepleri"): PostgrestQueryBuilder<...>', gave the following error.
    Argument of type '"is_ortaklari"' is not assignable to parameter of type '"documents" | "profiller" | "alt_bayi_satislar" | "urunler" | "alt_bayi_satis_kayitlari" | "firmalar" | "birimler" | "urun_degerlendirmeleri" | "document_folders" | "siparisler" | ... 40 more ... | "yeni_urun_talepleri"'.
  Overload 2 of 2, '(relation: "kullanici_segment_bilgileri" | "public_urunler_katalog" | "favori_urunler_istatistik"): PostgrestQueryBuilder<{ PostgrestVersion: "13.0.5"; }, { Tables: { sirket_resmi_bilgiler: { Row: { ...; }; Insert: { ...; }; Update: { ...; }; Relationships: []; }; ... 49 more ...; yeni_urun_talepleri: { ...; }; }; Views: { ...; }; Functions: { ...; }; Enums: { ...; }; CompositeTypes: { ...; }; }, { ...; } | ... 1 more ... | { ...; }, "kullanici_segment_bilgileri" | ... 1 more ... | "favori_urunler_istatistik", [] | ... 1 more ... | [...]>', gave the following error.
    Argument of type '"is_ortaklari"' is not assignable to parameter of type '"kullanici_segment_bilgileri" | "public_urunler_katalog" | "favori_urunler_istatistik"'.
src/app/[locale]/admin/operasyon/referanslar/ReferanslarClient.tsx(321,29): error TS2769: No overload matches this call.
  Overload 1 of 2, '(relation: "documents" | "profiller" | "alt_bayi_satislar" | "urunler" | "alt_bayi_satis_kayitlari" | "firmalar" | "birimler" | "urun_degerlendirmeleri" | "document_folders" | "siparisler" | ... 40 more ... | "yeni_urun_talepleri"): PostgrestQueryBuilder<...>', gave the following error.
    Argument of type '"kargo_teklifleri"' is not assignable to parameter of type '"documents" | "profiller" | "alt_bayi_satislar" | "urunler" | "alt_bayi_satis_kayitlari" | "firmalar" | "birimler" | "urun_degerlendirmeleri" | "document_folders" | "siparisler" | ... 40 more ... | "yeni_urun_talepleri"'.
  Overload 2 of 2, '(relation: "kullanici_segment_bilgileri" | "public_urunler_katalog" | "favori_urunler_istatistik"): PostgrestQueryBuilder<{ PostgrestVersion: "13.0.5"; }, { Tables: { sirket_resmi_bilgiler: { Row: { ...; }; Insert: { ...; }; Update: { ...; }; Relationships: []; }; ... 49 more ...; yeni_urun_talepleri: { ...; }; }; Views: { ...; }; Functions: { ...; }; Enums: { ...; }; CompositeTypes: { ...; }; }, { ...; } | ... 1 more ... | { ...; }, "kullanici_segment_bilgileri" | ... 1 more ... | "favori_urunler_istatistik", [] | ... 1 more ... | [...]>', gave the following error.
    Argument of type '"kargo_teklifleri"' is not assignable to parameter of type '"kullanici_segment_bilgileri" | "public_urunler_katalog" | "favori_urunler_istatistik"'.
src/app/[locale]/admin/operasyon/referanslar/ReferanslarClient.tsx(322,29): error TS2769: No overload matches this call.
  Overload 1 of 2, '(relation: "documents" | "profiller" | "alt_bayi_satislar" | "urunler" | "alt_bayi_satis_kayitlari" | "firmalar" | "birimler" | "urun_degerlendirmeleri" | "document_folders" | "siparisler" | ... 40 more ... | "yeni_urun_talepleri"): PostgrestQueryBuilder<...>', gave the following error.
    Argument of type '"kargo_teklifleri"' is not assignable to parameter of type '"documents" | "profiller" | "alt_bayi_satislar" | "urunler" | "alt_bayi_satis_kayitlari" | "firmalar" | "birimler" | "urun_degerlendirmeleri" | "document_folders" | "siparisler" | ... 40 more ... | "yeni_urun_talepleri"'.
  Overload 2 of 2, '(relation: "kullanici_segment_bilgileri" | "public_urunler_katalog" | "favori_urunler_istatistik"): PostgrestQueryBuilder<{ PostgrestVersion: "13.0.5"; }, { Tables: { sirket_resmi_bilgiler: { Row: { ...; }; Insert: { ...; }; Update: { ...; }; Relationships: []; }; ... 49 more ...; yeni_urun_talepleri: { ...; }; }; Views: { ...; }; Functions: { ...; }; Enums: { ...; }; CompositeTypes: { ...; }; }, { ...; } | ... 1 more ... | { ...; }, "kullanici_segment_bilgileri" | ... 1 more ... | "favori_urunler_istatistik", [] | ... 1 more ... | [...]>', gave the following error.
    Argument of type '"kargo_teklifleri"' is not assignable to parameter of type '"kullanici_segment_bilgileri" | "public_urunler_katalog" | "favori_urunler_istatistik"'.
src/app/[locale]/admin/operasyon/referanslar/ReferanslarClient.tsx(336,29): error TS2769: No overload matches this call.
  Overload 1 of 2, '(relation: "documents" | "profiller" | "alt_bayi_satislar" | "urunler" | "alt_bayi_satis_kayitlari" | "firmalar" | "birimler" | "urun_degerlendirmeleri" | "document_folders" | "siparisler" | ... 40 more ... | "yeni_urun_talepleri"): PostgrestQueryBuilder<...>', gave the following error.
    Argument of type '"is_ortaklari"' is not assignable to parameter of type '"documents" | "profiller" | "alt_bayi_satislar" | "urunler" | "alt_bayi_satis_kayitlari" | "firmalar" | "birimler" | "urun_degerlendirmeleri" | "document_folders" | "siparisler" | ... 40 more ... | "yeni_urun_talepleri"'.
  Overload 2 of 2, '(relation: "kullanici_segment_bilgileri" | "public_urunler_katalog" | "favori_urunler_istatistik"): PostgrestQueryBuilder<{ PostgrestVersion: "13.0.5"; }, { Tables: { sirket_resmi_bilgiler: { Row: { ...; }; Insert: { ...; }; Update: { ...; }; Relationships: []; }; ... 49 more ...; yeni_urun_talepleri: { ...; }; }; Views: { ...; }; Functions: { ...; }; Enums: { ...; }; CompositeTypes: { ...; }; }, { ...; } | ... 1 more ... | { ...; }, "kullanici_segment_bilgileri" | ... 1 more ... | "favori_urunler_istatistik", [] | ... 1 more ... | [...]>', gave the following error.
    Argument of type '"is_ortaklari"' is not assignable to parameter of type '"kullanici_segment_bilgileri" | "public_urunler_katalog" | "favori_urunler_istatistik"'.
src/app/[locale]/admin/operasyon/referanslar/ReferanslarClient.tsx(337,29): error TS2769: No overload matches this call.
  Overload 1 of 2, '(relation: "documents" | "profiller" | "alt_bayi_satislar" | "urunler" | "alt_bayi_satis_kayitlari" | "firmalar" | "birimler" | "urun_degerlendirmeleri" | "document_folders" | "siparisler" | ... 40 more ... | "yeni_urun_talepleri"): PostgrestQueryBuilder<...>', gave the following error.
    Argument of type '"is_ortaklari"' is not assignable to parameter of type '"documents" | "profiller" | "alt_bayi_satislar" | "urunler" | "alt_bayi_satis_kayitlari" | "firmalar" | "birimler" | "urun_degerlendirmeleri" | "document_folders" | "siparisler" | ... 40 more ... | "yeni_urun_talepleri"'.
  Overload 2 of 2, '(relation: "kullanici_segment_bilgileri" | "public_urunler_katalog" | "favori_urunler_istatistik"): PostgrestQueryBuilder<{ PostgrestVersion: "13.0.5"; }, { Tables: { sirket_resmi_bilgiler: { Row: { ...; }; Insert: { ...; }; Update: { ...; }; Relationships: []; }; ... 49 more ...; yeni_urun_talepleri: { ...; }; }; Views: { ...; }; Functions: { ...; }; Enums: { ...; }; CompositeTypes: { ...; }; }, { ...; } | ... 1 more ... | { ...; }, "kullanici_segment_bilgileri" | ... 1 more ... | "favori_urunler_istatistik", [] | ... 1 more ... | [...]>', gave the following error.
    Argument of type '"is_ortaklari"' is not assignable to parameter of type '"kullanici_segment_bilgileri" | "public_urunler_katalog" | "favori_urunler_istatistik"'.
src/app/[locale]/admin/operasyon/siparisler/[siparisId]/page.tsx(393,35): error TS2322: Type '(formData: FormData) => Promise<ActionResult>' is not assignable to type 'string | ((formData: FormData) => void | Promise<void>) | undefined'.
  Type '(formData: FormData) => Promise<ActionResult>' is not assignable to type '(formData: FormData) => void | Promise<void>'.
    Type 'Promise<ActionResult>' is not assignable to type 'void | Promise<void>'.
      Type 'Promise<ActionResult>' is not assignable to type 'Promise<void>'.
        Type 'ActionResult' is not assignable to type 'void'.
src/app/[locale]/admin/operasyon/siparisler/actions.ts(141,13): error TS2353: Object literal may only specify known properties, and 'odeme_durumu' does not exist in type '{ atanan_kisi_id?: string | null | undefined; created_at?: string | undefined; firma_id?: string | undefined; id?: string | undefined; kdv_orani?: number | undefined; olusturan_kullanici_id?: string | ... 1 more ... | undefined; ... 5 more ...; toplam_tutar_net?: number | undefined; }'.
src/app/[locale]/admin/operasyon/siparisler/page.tsx(347,61): error TS2322: Type 'number' is not assignable to type 'never'.
src/app/[locale]/admin/pazarlama/blog/page.tsx(19,46): error TS2339: Property 'from' does not exist on type 'Promise<SupabaseClient<Database, "public", "public", { Tables: { sirket_resmi_bilgiler: { Row: { id: string; kategori: string; baslik: string; deger: string; sira: number; onemli_mi: boolean | null; created_at: string; updated_at: string; }; Insert: { ...; }; Update: { ...; }; Relationships: []; }; ... 49 more ...; ...'.
src/app/[locale]/admin/pazarlama/blog/page.tsx(30,10): error TS2339: Property 'from' does not exist on type 'Promise<SupabaseClient<Database, "public", "public", { Tables: { sirket_resmi_bilgiler: { Row: { id: string; kategori: string; baslik: string; deger: string; sira: number; onemli_mi: boolean | null; created_at: string; updated_at: string; }; Insert: { ...; }; Update: { ...; }; Relationships: []; }; ... 49 more ...; ...'.
src/app/[locale]/admin/pazarlama/duyurular/page.tsx(129,69): error TS2322: Type '{ hedefKitleOptions: ("T├╝m Partnerler" | "Sadece Alt Bayiler")[]; locale: Locale; }' is not assignable to type 'IntrinsicAttributes & DuyuruFiltreleriProps'.
  Property 'locale' does not exist on type 'IntrinsicAttributes & DuyuruFiltreleriProps'.
src/app/[locale]/admin/pazarlama/duyurular/yeni/page.tsx(46,38): error TS2345: Argument of type '{ locale: string; }' is not assignable to parameter of type 'Usable<unknown>'.
src/app/[locale]/admin/pazarlama/duyurular/yeni/page.tsx(47,20): error TS18046: 'resolvedParams' is of type 'unknown'.
src/app/[locale]/admin/pazarlama/materialien/page.tsx(90,13): error TS2322: Type '{ materialListe: { aciklama: string | null; baslik: string; created_at: string; dosya_adi: string | null; dosya_boyutu_kb: number | null; dosya_url: string; hedef_kitle: "T├╝m Partnerler" | "Sadece Alt Bayiler"; id: string; kategori: "Di─ƒer" | ... 3 more ... | "Fiyat Listeleri"; }[]; params: { ...; }; kategorieOption...' is not assignable to type 'IntrinsicAttributes & MaterialienClientProps'.
  Property 'params' does not exist on type 'IntrinsicAttributes & MaterialienClientProps'.
src/app/[locale]/admin/pazarlama/materialien/yeni/page.tsx(30,38): error TS2345: Argument of type '{ locale: string; }' is not assignable to parameter of type 'Usable<unknown>'.
src/app/[locale]/admin/pazarlama/materialien/yeni/page.tsx(31,20): error TS18046: 'resolvedParams' is of type 'unknown'.
src/app/[locale]/admin/urun-yonetimi/degerlendirmeler/page.tsx(67,49): error TS2339: Property 'de' does not exist on type 'string | number | boolean | { [key: string]: Json | undefined; } | Json[]'.
  Property 'de' does not exist on type 'string'.
src/app/[locale]/admin/urun-yonetimi/fiyat-hesaplama/CalculatorClient.tsx(23,7): error TS2719: Type 'ProductLite[]' is not assignable to type 'ProductLite[]'. Two different types with this name exist, but they are unrelated.
  Type 'ProductLite' is not assignable to type 'ProductLite'. Two different types with this name exist, but they are unrelated.
    Types of property 'ad' are incompatible.
      Type 'Json' is not assignable to type 'string | Record<string, string> | null'.
        Type 'number' is not assignable to type 'string | Record<string, string> | null'.
src/app/[locale]/admin/urun-yonetimi/fiyat-hesaplama/page.tsx(38,41): error TS2719: Type 'ProductLite[]' is not assignable to type 'ProductLite[]'. Two different types with this name exist, but they are unrelated.
  Type 'ProductLite' is missing the following properties from type 'ProductLite': kategori_id, urun_gami, birim_agirlik_kg, lojistik_sinifi, and 10 more.
src/app/[locale]/admin/urun-yonetimi/fiyat-matrisi/PriceMatrixClient.tsx(69,65): error TS2339: Property 'tr' does not exist on type 'never'.
src/app/[locale]/admin/urun-yonetimi/fiyat-matrisi/PriceMatrixClient.tsx(69,84): error TS2339: Property 'en' does not exist on type 'never'.
src/app/[locale]/admin/urun-yonetimi/fiyat-matrisi/PriceMatrixClient.tsx(99,57): error TS2339: Property 'tr' does not exist on type 'never'.
src/app/[locale]/admin/urun-yonetimi/fiyat-matrisi/PriceMatrixClient.tsx(99,76): error TS2339: Property 'en' does not exist on type 'never'.
src/app/[locale]/admin/urun-yonetimi/fiyatlandirma-hub/BasitMaliyetHesaplayiciTab.tsx(25,7): error TS2719: Type 'ProductLite[]' is not assignable to type 'ProductLite[]'. Two different types with this name exist, but they are unrelated.
  Type 'ProductLite' is not assignable to type 'ProductLite'. Two different types with this name exist, but they are unrelated.
    Types of property 'ad' are incompatible.
      Type 'Json' is not assignable to type 'string | Record<string, string> | null'.
        Type 'number' is not assignable to type 'string | Record<string, string> | null'.
src/app/[locale]/admin/urun-yonetimi/kategoriler/kategori-yonetim-istemcisi.tsx(156,42): error TS2339: Property 'tr' does not exist on type 'string | number | boolean | { [key: string]: Json | undefined; } | Json[]'.
  Property 'tr' does not exist on type 'string'.
src/app/[locale]/admin/urun-yonetimi/kategoriler/kategori-yonetim-istemcisi.tsx(156,54): error TS2339: Property 'de' does not exist on type 'string | number | boolean | { [key: string]: Json | undefined; } | Json[]'.
  Property 'de' does not exist on type 'string'.
src/app/[locale]/admin/urun-yonetimi/kategoriler/kategori-yonetim-istemcisi.tsx(398,64): error TS2503: Cannot find namespace 'JSX'.
src/app/[locale]/admin/urun-yonetimi/tedarikci-siparis-plani/TedarikciSiparisPlaniClient.tsx(824,7): error TS2322: Type '""' is not assignable to type 'UnitType'.
src/app/[locale]/admin/urun-yonetimi/toplu-gorsel-yukleme/actions.ts(114,49): error TS2322: Type 'string | undefined' is not assignable to type 'string'.
  Type 'undefined' is not assignable to type 'string'.
src/app/[locale]/admin/urun-yonetimi/toplu-gorsel-yukleme/actions.ts(166,49): error TS2322: Type 'string | undefined' is not assignable to type 'string'.
  Type 'undefined' is not assignable to type 'string'.
src/app/[locale]/admin/urun-yonetimi/urun-talepleri/page.tsx(144,88): error TS2322: Type '{ firmalar: { id: string; unvan: string; }[]; durumlar: { anahtar: "Onayland─▒" | "Yeni" | "De─ƒerlendiriliyor" | "Reddedildi"; deger: string; }[]; locale: Locale; }' is not assignable to type 'IntrinsicAttributes & UrunTalepFiltreleriProps'.
  Property 'locale' does not exist on type 'IntrinsicAttributes & UrunTalepFiltreleriProps'.
src/app/[locale]/admin/urun-yonetimi/urun-talepleri/page.tsx(191,61): error TS2322: Type 'number' is not assignable to type 'never'.
src/app/[locale]/admin/urun-yonetimi/urun-talepleri/page.tsx(195,80): error TS2322: Type '{ talep: UrunTalepRow; locale: Locale; }' is not assignable to type 'IntrinsicAttributes & { talep: { admin_notu: string | null; beschreibung: string | null; created_at: string; firma_id: string; geschaetzte_menge_pro_woche: number | null; ... 5 more ...; status: "Onayland─▒" | ... 2 more ... | "Reddedildi"; }; }'.
  Property 'locale' does not exist on type 'IntrinsicAttributes & { talep: { admin_notu: string | null; beschreibung: string | null; created_at: string; firma_id: string; geschaetzte_menge_pro_woche: number | null; ... 5 more ...; status: "Onayland─▒" | ... 2 more ... | "Reddedildi"; }; }'.
src/app/[locale]/admin/urun-yonetimi/urunler/actions.ts(157,9): error TS2353: Object literal may only specify known properties, and 'is_featured' does not exist in type '{ aciklamalar?: Json | undefined; ad?: Json | undefined; aktif?: boolean | undefined; alis_fiyat_seviyesi?: string | null | undefined; allergene?: Json | undefined; ... 51 more ...; zertifikate?: string[] | ... 1 more ... | undefined; }'.
src/app/[locale]/admin/urun-yonetimi/urunler/actions.ts(500,74): error TS18047: 'error' is possibly 'null'.
src/app/[locale]/admin/urun-yonetimi/urunler/actions.ts(552,18): error TS2769: No overload matches this call.
  Overload 1 of 2, '(values: { aciklamalar?: Json | undefined; ad: Json; aktif?: boolean | undefined; alis_fiyat_seviyesi?: string | null | undefined; allergene?: Json | undefined; almanya_kdv_orani?: number | ... 1 more ... | undefined; ... 50 more ...; zertifikate?: string[] | ... 1 more ... | undefined; }, options?: { ...; } | undefined): PostgrestFilterBuilder<...>', gave the following error.
    Argument of type '{ stok_kodu: string; ad: { tr: string; de: string; en: string; ar: string; }; slug: string; aktif: false; distributor_alis_fiyati: number; }' is not assignable to parameter of type '{ aciklamalar?: Json | undefined; ad: Json; aktif?: boolean | undefined; alis_fiyat_seviyesi?: string | null | undefined; allergene?: Json | undefined; almanya_kdv_orani?: number | ... 1 more ... | undefined; ... 50 more ...; zertifikate?: string[] | ... 1 more ... | undefined; }'.
      Property 'kategori_id' is missing in type '{ stok_kodu: string; ad: { tr: string; de: string; en: string; ar: string; }; slug: string; aktif: false; distributor_alis_fiyati: number; }' but required in type '{ aciklamalar?: Json | undefined; ad: Json; aktif?: boolean | undefined; alis_fiyat_seviyesi?: string | null | undefined; allergene?: Json | undefined; almanya_kdv_orani?: number | ... 1 more ... | undefined; ... 50 more ...; zertifikate?: string[] | ... 1 more ... | undefined; }'.
  Overload 2 of 2, '(values: { aciklamalar?: Json | undefined; ad: Json; aktif?: boolean | undefined; alis_fiyat_seviyesi?: string | null | undefined; allergene?: Json | undefined; almanya_kdv_orani?: number | ... 1 more ... | undefined; ... 50 more ...; zertifikate?: string[] | ... 1 more ... | undefined; }[], options?: { ...; } | undefined): PostgrestFilterBuilder<...>', gave the following error.
    Object literal may only specify known properties, and 'stok_kodu' does not exist in type '{ aciklamalar?: Json | undefined; ad: Json; aktif?: boolean | undefined; alis_fiyat_seviyesi?: string | null | undefined; allergene?: Json | undefined; almanya_kdv_orani?: number | ... 1 more ... | undefined; ... 50 more ...; zertifikate?: string[] | ... 1 more ... | undefined; }[]'.
src/app/[locale]/admin/urun-yonetimi/urunler/urun-formu.tsx(1650,127): error TS2339: Property 'de' does not exist on type 'string | number | boolean | { [key: string]: Json | undefined; } | Json[]'.
  Property 'de' does not exist on type 'string'.
src/app/[locale]/admin/urun-yonetimi/urunler/urun-formu.tsx(1654,127): error TS2339: Property 'en' does not exist on type 'string | number | boolean | { [key: string]: Json | undefined; } | Json[]'.
  Property 'en' does not exist on type 'string'.
src/app/[locale]/admin/urun-yonetimi/urunler/urun-formu.tsx(1735,127): error TS2339: Property 'de' does not exist on type 'string | number | boolean | { [key: string]: Json | undefined; } | Json[]'.
  Property 'de' does not exist on type 'string'.
src/app/[locale]/admin/urun-yonetimi/urunler/urun-formu.tsx(1739,127): error TS2339: Property 'en' does not exist on type 'string | number | boolean | { [key: string]: Json | undefined; } | Json[]'.
  Property 'en' does not exist on type 'string'.
src/app/[locale]/admin/urun-yonetimi/urunler/urun-formu.tsx(1773,231): error TS2339: Property 'pro_100g' does not exist on type 'string | number | boolean | { [key: string]: Json | undefined; } | Json[]'.
  Property 'pro_100g' does not exist on type 'string'.
src/app/[locale]/admin/urun-yonetimi/urunler/urun-formu.tsx(1774,239): error TS2339: Property 'pro_100g' does not exist on type 'string | number | boolean | { [key: string]: Json | undefined; } | Json[]'.
  Property 'pro_100g' does not exist on type 'string'.
src/app/[locale]/admin/urun-yonetimi/urunler/urun-formu.tsx(1775,209): error TS2339: Property 'pro_100g' does not exist on type 'string | number | boolean | { [key: string]: Json | undefined; } | Json[]'.
  Property 'pro_100g' does not exist on type 'string'.
src/app/[locale]/admin/urun-yonetimi/urunler/urun-formu.tsx(1776,256): error TS2339: Property 'pro_100g' does not exist on type 'string | number | boolean | { [key: string]: Json | undefined; } | Json[]'.
  Property 'pro_100g' does not exist on type 'string'.
src/app/[locale]/admin/urun-yonetimi/urunler/urun-formu.tsx(1777,245): error TS2339: Property 'pro_100g' does not exist on type 'string | number | boolean | { [key: string]: Json | undefined; } | Json[]'.
  Property 'pro_100g' does not exist on type 'string'.
src/app/[locale]/admin/urun-yonetimi/urunler/urun-formu.tsx(1778,241): error TS2339: Property 'pro_100g' does not exist on type 'string | number | boolean | { [key: string]: Json | undefined; } | Json[]'.
  Property 'pro_100g' does not exist on type 'string'.
src/app/[locale]/admin/urun-yonetimi/urunler/urun-formu.tsx(1779,245): error TS2339: Property 'pro_100g' does not exist on type 'string | number | boolean | { [key: string]: Json | undefined; } | Json[]'.
  Property 'pro_100g' does not exist on type 'string'.
src/app/[locale]/admin/urun-yonetimi/urunler/urun-formu.tsx(1780,220): error TS2339: Property 'pro_100g' does not exist on type 'string | number | boolean | { [key: string]: Json | undefined; } | Json[]'.
  Property 'pro_100g' does not exist on type 'string'.
src/app/[locale]/admin/urun-yonetimi/urunler/urun-formu.tsx(1781,209): error TS2339: Property 'pro_100g' does not exist on type 'string | number | boolean | { [key: string]: Json | undefined; } | Json[]'.
  Property 'pro_100g' does not exist on type 'string'.
src/app/[locale]/admin/urun-yonetimi/urunler/urun-formu.tsx(1789,195): error TS2339: Property 'ph' does not exist on type 'string | number | boolean | { [key: string]: Json | undefined; } | Json[]'.
  Property 'ph' does not exist on type 'string'.
src/app/[locale]/admin/urun-yonetimi/urunler/urun-formu.tsx(1790,203): error TS2339: Property 'brix' does not exist on type 'string | number | boolean | { [key: string]: Json | undefined; } | Json[]'.
  Property 'brix' does not exist on type 'string'.
src/app/[locale]/admin/urun-yonetimi/urunler/urun-formu.tsx(1791,202): error TS2339: Property 'gmo_free' does not exist on type 'string | number | boolean | { [key: string]: Json | undefined; } | Json[]'.
  Property 'gmo_free' does not exist on type 'string'.
src/app/[locale]/admin/urun-yonetimi/urunler/UrunExcelImportPanel.tsx(81,46): error TS2345: Argument of type 'string' is not assignable to parameter of type 'never'.
src/app/[locale]/admin/urun-yonetimi/urunler/UrunExcelImportPanel.tsx(82,46): error TS2345: Argument of type 'string' is not assignable to parameter of type 'never'.
src/app/[locale]/admin/urun-yonetimi/urunler/UrunExcelImportPanel.tsx(83,46): error TS2345: Argument of type 'string' is not assignable to parameter of type 'never'.
src/app/[locale]/admin/urun-yonetimi/urunler/UrunExcelImportPanel.tsx(84,47): error TS2345: Argument of type 'string' is not assignable to parameter of type 'never'.
src/app/[locale]/portal/analiz/page.tsx(57,54): error TS2339: Property 'topCategories' does not exist on type 'string | number | true | { [key: string]: Json | undefined; } | Json[]'.
  Property 'topCategories' does not exist on type 'string'.
src/app/[locale]/portal/analiz/page.tsx(61,51): error TS2339: Property 'salesTrend' does not exist on type 'string | number | true | { [key: string]: Json | undefined; } | Json[]'.
  Property 'salesTrend' does not exist on type 'string'.
src/app/[locale]/portal/analiz/page.tsx(67,30): error TS2339: Property 'topProducts' does not exist on type 'string | number | true | { [key: string]: Json | undefined; } | Json[]'.
  Property 'topProducts' does not exist on type 'string'.
src/app/[locale]/portal/dashboard/page.tsx(127,9): error TS2367: This comparison appears to be unintentional because the types '"Personel" | "Y├Ânetici" | "Ekip ├£yesi"' and '"Alt Bayi"' have no overlap.
src/app/[locale]/portal/dashboard/page.tsx(171,33): error TS2367: This comparison appears to be unintentional because the types '"Personel" | "Y├Ânetici" | "Ekip ├£yesi"' and '"Alt Bayi"' have no overlap.
src/app/[locale]/portal/dashboard/page.tsx(199,21): error TS2322: Type '{ id: string | undefined; partnerPreis: number; urun_id?: string | undefined; ad: any; satis_fiyati_alt_bayi: number; satis_fiyati_musteri: number; }[]' is not assignable to type 'HizliSiparisUrun[]'.
  Type '{ id: string | undefined; partnerPreis: number; urun_id?: string | undefined; ad: any; satis_fiyati_alt_bayi: number; satis_fiyati_musteri: number; }' is missing the following properties from type 'HizliSiparisUrun': stok_kodu, ana_resim_url, stok_miktari
src/app/[locale]/portal/finanslarim/actions.ts(87,11): error TS2769: No overload matches this call.
  Overload 1 of 2, '(relation: "documents" | "profiller" | "alt_bayi_satislar" | "urunler" | "alt_bayi_satis_kayitlari" | "firmalar" | "birimler" | "urun_degerlendirmeleri" | "document_folders" | "siparisler" | ... 40 more ... | "yeni_urun_talepleri"): PostgrestQueryBuilder<...>', gave the following error.
    Argument of type '"alt_bayi_gider_kategorileri"' is not assignable to parameter of type '"documents" | "profiller" | "alt_bayi_satislar" | "urunler" | "alt_bayi_satis_kayitlari" | "firmalar" | "birimler" | "urun_degerlendirmeleri" | "document_folders" | "siparisler" | ... 40 more ... | "yeni_urun_talepleri"'.
  Overload 2 of 2, '(relation: "kullanici_segment_bilgileri" | "public_urunler_katalog" | "favori_urunler_istatistik"): PostgrestQueryBuilder<{ PostgrestVersion: "13.0.5"; }, { Tables: { sirket_resmi_bilgiler: { Row: { ...; }; Insert: { ...; }; Update: { ...; }; Relationships: []; }; ... 49 more ...; yeni_urun_talepleri: { ...; }; }; Views: { ...; }; Functions: { ...; }; Enums: { ...; }; CompositeTypes: { ...; }; }, { ...; } | ... 1 more ... | { ...; }, "kullanici_segment_bilgileri" | ... 1 more ... | "favori_urunler_istatistik", [] | ... 1 more ... | [...]>', gave the following error.
    Argument of type '"alt_bayi_gider_kategorileri"' is not assignable to parameter of type '"kullanici_segment_bilgileri" | "public_urunler_katalog" | "favori_urunler_istatistik"'.
src/app/[locale]/portal/finanslarim/actions.ts(109,11): error TS2769: No overload matches this call.
  Overload 1 of 2, '(relation: "documents" | "profiller" | "alt_bayi_satislar" | "urunler" | "alt_bayi_satis_kayitlari" | "firmalar" | "birimler" | "urun_degerlendirmeleri" | "document_folders" | "siparisler" | ... 40 more ... | "yeni_urun_talepleri"): PostgrestQueryBuilder<...>', gave the following error.
    Argument of type '"alt_bayi_gider_kategorileri"' is not assignable to parameter of type '"documents" | "profiller" | "alt_bayi_satislar" | "urunler" | "alt_bayi_satis_kayitlari" | "firmalar" | "birimler" | "urun_degerlendirmeleri" | "document_folders" | "siparisler" | ... 40 more ... | "yeni_urun_talepleri"'.
  Overload 2 of 2, '(relation: "kullanici_segment_bilgileri" | "public_urunler_katalog" | "favori_urunler_istatistik"): PostgrestQueryBuilder<{ PostgrestVersion: "13.0.5"; }, { Tables: { sirket_resmi_bilgiler: { Row: { ...; }; Insert: { ...; }; Update: { ...; }; Relationships: []; }; ... 49 more ...; yeni_urun_talepleri: { ...; }; }; Views: { ...; }; Functions: { ...; }; Enums: { ...; }; CompositeTypes: { ...; }; }, { ...; } | ... 1 more ... | { ...; }, "kullanici_segment_bilgileri" | ... 1 more ... | "favori_urunler_istatistik", [] | ... 1 more ... | [...]>', gave the following error.
    Argument of type '"alt_bayi_gider_kategorileri"' is not assignable to parameter of type '"kullanici_segment_bilgileri" | "public_urunler_katalog" | "favori_urunler_istatistik"'.
src/app/[locale]/portal/finanslarim/actions.ts(116,64): error TS2339: Property 'ad' does not exist on type 'SelectQueryError<"column 'ad' does not exist on 'documents'."> | SelectQueryError<"column 'ad' does not exist on 'profiller'."> | ... 48 more ... | SelectQueryError<...>'.
  Property 'ad' does not exist on type 'SelectQueryError<"column 'ad' does not exist on 'documents'.">'.
src/app/[locale]/portal/finanslarim/page.tsx(126,23): error TS2769: No overload matches this call.
  Overload 1 of 2, '(relation: "documents" | "profiller" | "alt_bayi_satislar" | "urunler" | "alt_bayi_satis_kayitlari" | "firmalar" | "birimler" | "urun_degerlendirmeleri" | "document_folders" | "siparisler" | ... 40 more ... | "yeni_urun_talepleri"): PostgrestQueryBuilder<...>', gave the following error.
    Argument of type '"alt_bayi_gider_kategorileri"' is not assignable to parameter of type '"documents" | "profiller" | "alt_bayi_satislar" | "urunler" | "alt_bayi_satis_kayitlari" | "firmalar" | "birimler" | "urun_degerlendirmeleri" | "document_folders" | "siparisler" | ... 40 more ... | "yeni_urun_talepleri"'.
  Overload 2 of 2, '(relation: "kullanici_segment_bilgileri" | "public_urunler_katalog" | "favori_urunler_istatistik"): PostgrestQueryBuilder<{ PostgrestVersion: "13.0.5"; }, { Tables: { sirket_resmi_bilgiler: { Row: { ...; }; Insert: { ...; }; Update: { ...; }; Relationships: []; }; ... 49 more ...; yeni_urun_talepleri: { ...; }; }; Views: { ...; }; Functions: { ...; }; Enums: { ...; }; CompositeTypes: { ...; }; }, { ...; } | ... 1 more ... | { ...; }, "kullanici_segment_bilgileri" | ... 1 more ... | "favori_urunler_istatistik", [] | ... 1 more ... | [...]>', gave the following error.
    Argument of type '"alt_bayi_gider_kategorileri"' is not assignable to parameter of type '"kullanici_segment_bilgileri" | "public_urunler_katalog" | "favori_urunler_istatistik"'.
src/app/[locale]/portal/gorevlerim/actions.ts(107,15): error TS2322: Type 'string' is not assignable to type '"Yap─▒lacak" | "Devam Ediyor" | "Tamamland─▒" | undefined'.
src/app/[locale]/portal/gorevlerim/actions.ts(127,11): error TS2769: No overload matches this call.
  Overload 1 of 2, '(relation: "documents" | "profiller" | "alt_bayi_satislar" | "urunler" | "alt_bayi_satis_kayitlari" | "firmalar" | "birimler" | "urun_degerlendirmeleri" | "document_folders" | "siparisler" | ... 40 more ... | "yeni_urun_talepleri"): PostgrestQueryBuilder<...>', gave the following error.
    Argument of type '"alt_gorevler"' is not assignable to parameter of type '"documents" | "profiller" | "alt_bayi_satislar" | "urunler" | "alt_bayi_satis_kayitlari" | "firmalar" | "birimler" | "urun_degerlendirmeleri" | "document_folders" | "siparisler" | ... 40 more ... | "yeni_urun_talepleri"'.
  Overload 2 of 2, '(relation: "kullanici_segment_bilgileri" | "public_urunler_katalog" | "favori_urunler_istatistik"): PostgrestQueryBuilder<{ PostgrestVersion: "13.0.5"; }, { Tables: { sirket_resmi_bilgiler: { Row: { ...; }; Insert: { ...; }; Update: { ...; }; Relationships: []; }; ... 49 more ...; yeni_urun_talepleri: { ...; }; }; Views: { ...; }; Functions: { ...; }; Enums: { ...; }; CompositeTypes: { ...; }; }, { ...; } | ... 1 more ... | { ...; }, "kullanici_segment_bilgileri" | ... 1 more ... | "favori_urunler_istatistik", [] | ... 1 more ... | [...]>', gave the following error.
    Argument of type '"alt_gorevler"' is not assignable to parameter of type '"kullanici_segment_bilgileri" | "public_urunler_katalog" | "favori_urunler_istatistik"'.
src/app/[locale]/portal/gorevlerim/actions.ts(145,11): error TS2769: No overload matches this call.
  Overload 1 of 2, '(relation: "documents" | "profiller" | "alt_bayi_satislar" | "urunler" | "alt_bayi_satis_kayitlari" | "firmalar" | "birimler" | "urun_degerlendirmeleri" | "document_folders" | "siparisler" | ... 40 more ... | "yeni_urun_talepleri"): PostgrestQueryBuilder<...>', gave the following error.
    Argument of type '"alt_gorevler"' is not assignable to parameter of type '"documents" | "profiller" | "alt_bayi_satislar" | "urunler" | "alt_bayi_satis_kayitlari" | "firmalar" | "birimler" | "urun_degerlendirmeleri" | "document_folders" | "siparisler" | ... 40 more ... | "yeni_urun_talepleri"'.
  Overload 2 of 2, '(relation: "kullanici_segment_bilgileri" | "public_urunler_katalog" | "favori_urunler_istatistik"): PostgrestQueryBuilder<{ PostgrestVersion: "13.0.5"; }, { Tables: { sirket_resmi_bilgiler: { Row: { ...; }; Insert: { ...; }; Update: { ...; }; Relationships: []; }; ... 49 more ...; yeni_urun_talepleri: { ...; }; }; Views: { ...; }; Functions: { ...; }; Enums: { ...; }; CompositeTypes: { ...; }; }, { ...; } | ... 1 more ... | { ...; }, "kullanici_segment_bilgileri" | ... 1 more ... | "favori_urunler_istatistik", [] | ... 1 more ... | [...]>', gave the following error.
    Argument of type '"alt_gorevler"' is not assignable to parameter of type '"kullanici_segment_bilgileri" | "public_urunler_katalog" | "favori_urunler_istatistik"'.
src/app/[locale]/portal/gorevlerim/actions.ts(164,11): error TS2769: No overload matches this call.
  Overload 1 of 2, '(relation: "documents" | "profiller" | "alt_bayi_satislar" | "urunler" | "alt_bayi_satis_kayitlari" | "firmalar" | "birimler" | "urun_degerlendirmeleri" | "document_folders" | "siparisler" | ... 40 more ... | "yeni_urun_talepleri"): PostgrestQueryBuilder<...>', gave the following error.
    Argument of type '"alt_gorevler"' is not assignable to parameter of type '"documents" | "profiller" | "alt_bayi_satislar" | "urunler" | "alt_bayi_satis_kayitlari" | "firmalar" | "birimler" | "urun_degerlendirmeleri" | "document_folders" | "siparisler" | ... 40 more ... | "yeni_urun_talepleri"'.
  Overload 2 of 2, '(relation: "kullanici_segment_bilgileri" | "public_urunler_katalog" | "favori_urunler_istatistik"): PostgrestQueryBuilder<{ PostgrestVersion: "13.0.5"; }, { Tables: { sirket_resmi_bilgiler: { Row: { ...; }; Insert: { ...; }; Update: { ...; }; Relationships: []; }; ... 49 more ...; yeni_urun_talepleri: { ...; }; }; Views: { ...; }; Functions: { ...; }; Enums: { ...; }; CompositeTypes: { ...; }; }, { ...; } | ... 1 more ... | { ...; }, "kullanici_segment_bilgileri" | ... 1 more ... | "favori_urunler_istatistik", [] | ... 1 more ... | [...]>', gave the following error.
    Argument of type '"alt_gorevler"' is not assignable to parameter of type '"kullanici_segment_bilgileri" | "public_urunler_katalog" | "favori_urunler_istatistik"'.
src/app/[locale]/portal/gorevlerim/actions.ts(182,11): error TS2769: No overload matches this call.
  Overload 1 of 2, '(relation: "documents" | "profiller" | "alt_bayi_satislar" | "urunler" | "alt_bayi_satis_kayitlari" | "firmalar" | "birimler" | "urun_degerlendirmeleri" | "document_folders" | "siparisler" | ... 40 more ... | "yeni_urun_talepleri"): PostgrestQueryBuilder<...>', gave the following error.
    Argument of type '"alt_gorevler"' is not assignable to parameter of type '"documents" | "profiller" | "alt_bayi_satislar" | "urunler" | "alt_bayi_satis_kayitlari" | "firmalar" | "birimler" | "urun_degerlendirmeleri" | "document_folders" | "siparisler" | ... 40 more ... | "yeni_urun_talepleri"'.
  Overload 2 of 2, '(relation: "kullanici_segment_bilgileri" | "public_urunler_katalog" | "favori_urunler_istatistik"): PostgrestQueryBuilder<{ PostgrestVersion: "13.0.5"; }, { Tables: { sirket_resmi_bilgiler: { Row: { ...; }; Insert: { ...; }; Update: { ...; }; Relationships: []; }; ... 49 more ...; yeni_urun_talepleri: { ...; }; }; Views: { ...; }; Functions: { ...; }; Enums: { ...; }; CompositeTypes: { ...; }; }, { ...; } | ... 1 more ... | { ...; }, "kullanici_segment_bilgileri" | ... 1 more ... | "favori_urunler_istatistik", [] | ... 1 more ... | [...]>', gave the following error.
    Argument of type '"alt_gorevler"' is not assignable to parameter of type '"kullanici_segment_bilgileri" | "public_urunler_katalog" | "favori_urunler_istatistik"'.
src/app/[locale]/portal/gorevlerim/actions.ts(204,11): error TS2769: No overload matches this call.
  Overload 1 of 2, '(relation: "documents" | "profiller" | "alt_bayi_satislar" | "urunler" | "alt_bayi_satis_kayitlari" | "firmalar" | "birimler" | "urun_degerlendirmeleri" | "document_folders" | "siparisler" | ... 40 more ... | "yeni_urun_talepleri"): PostgrestQueryBuilder<...>', gave the following error.
    Argument of type '"gorev_notlari"' is not assignable to parameter of type '"documents" | "profiller" | "alt_bayi_satislar" | "urunler" | "alt_bayi_satis_kayitlari" | "firmalar" | "birimler" | "urun_degerlendirmeleri" | "document_folders" | "siparisler" | ... 40 more ... | "yeni_urun_talepleri"'.
  Overload 2 of 2, '(relation: "kullanici_segment_bilgileri" | "public_urunler_katalog" | "favori_urunler_istatistik"): PostgrestQueryBuilder<{ PostgrestVersion: "13.0.5"; }, { Tables: { sirket_resmi_bilgiler: { Row: { ...; }; Insert: { ...; }; Update: { ...; }; Relationships: []; }; ... 49 more ...; yeni_urun_talepleri: { ...; }; }; Views: { ...; }; Functions: { ...; }; Enums: { ...; }; CompositeTypes: { ...; }; }, { ...; } | ... 1 more ... | { ...; }, "kullanici_segment_bilgileri" | ... 1 more ... | "favori_urunler_istatistik", [] | ... 1 more ... | [...]>', gave the following error.
    Argument of type '"gorev_notlari"' is not assignable to parameter of type '"kullanici_segment_bilgileri" | "public_urunler_katalog" | "favori_urunler_istatistik"'.
src/app/[locale]/portal/gorevlerim/actions.ts(205,15): error TS2769: No overload matches this call.
  Overload 1 of 2, '(values: { id?: string | undefined; kategori: string; baslik: string; deger: string; sira?: number | undefined; onemli_mi?: boolean | null | undefined; created_at?: string | undefined; updated_at?: string | undefined; } | ... 49 more ... | { ...; }, options?: { ...; } | undefined): PostgrestFilterBuilder<...>', gave the following error.
    Object literal may only specify known properties, and 'gorev_id' does not exist in type '{ id?: string | undefined; kategori: string; baslik: string; deger: string; sira?: number | undefined; onemli_mi?: boolean | null | undefined; created_at?: string | undefined; updated_at?: string | undefined; } | ... 49 more ... | { ...; }'.
  Overload 2 of 2, '(values: ({ id?: string | undefined; kategori: string; baslik: string; deger: string; sira?: number | undefined; onemli_mi?: boolean | null | undefined; created_at?: string | undefined; updated_at?: string | undefined; } | ... 49 more ... | { ...; })[], options?: { ...; } | undefined): PostgrestFilterBuilder<...>', gave the following error.
    Object literal may only specify known properties, and 'gorev_id' does not exist in type '({ id?: string | undefined; kategori: string; baslik: string; deger: string; sira?: number | undefined; onemli_mi?: boolean | null | undefined; created_at?: string | undefined; updated_at?: string | undefined; } | ... 49 more ... | { ...; })[]'.
src/app/[locale]/portal/gorevlerim/actions.ts(221,11): error TS2769: No overload matches this call.
  Overload 1 of 2, '(relation: "documents" | "profiller" | "alt_bayi_satislar" | "urunler" | "alt_bayi_satis_kayitlari" | "firmalar" | "birimler" | "urun_degerlendirmeleri" | "document_folders" | "siparisler" | ... 40 more ... | "yeni_urun_talepleri"): PostgrestQueryBuilder<...>', gave the following error.
    Argument of type '"gorev_notlari"' is not assignable to parameter of type '"documents" | "profiller" | "alt_bayi_satislar" | "urunler" | "alt_bayi_satis_kayitlari" | "firmalar" | "birimler" | "urun_degerlendirmeleri" | "document_folders" | "siparisler" | ... 40 more ... | "yeni_urun_talepleri"'.
  Overload 2 of 2, '(relation: "kullanici_segment_bilgileri" | "public_urunler_katalog" | "favori_urunler_istatistik"): PostgrestQueryBuilder<{ PostgrestVersion: "13.0.5"; }, { Tables: { sirket_resmi_bilgiler: { Row: { ...; }; Insert: { ...; }; Update: { ...; }; Relationships: []; }; ... 49 more ...; yeni_urun_talepleri: { ...; }; }; Views: { ...; }; Functions: { ...; }; Enums: { ...; }; CompositeTypes: { ...; }; }, { ...; } | ... 1 more ... | { ...; }, "kullanici_segment_bilgileri" | ... 1 more ... | "favori_urunler_istatistik", [] | ... 1 more ... | [...]>', gave the following error.
    Argument of type '"gorev_notlari"' is not assignable to parameter of type '"kullanici_segment_bilgileri" | "public_urunler_katalog" | "favori_urunler_istatistik"'.
src/app/[locale]/portal/gorevlerim/actions.ts(243,13): error TS2345: Argument of type '{ baslik?: string | undefined; son_tarih?: string | null | undefined; oncelik?: string | undefined; aciklama?: string | undefined; }' is not assignable to parameter of type '{ aciklama?: string | null | undefined; atanan_kisi_id?: string | undefined; baslik?: string | undefined; created_at?: string | undefined; durum?: "Yap─▒lacak" | "Devam Ediyor" | "Tamamland─▒" | undefined; ... 6 more ...; tamamlandi?: boolean | undefined; }'.
  Types of property 'oncelik' are incompatible.
    Type 'string | undefined' is not assignable to type '"D├╝┼ƒ├╝k" | "Orta" | "Y├╝ksek" | undefined'.
      Type 'string' is not assignable to type '"D├╝┼ƒ├╝k" | "Orta" | "Y├╝ksek" | undefined'.
src/app/[locale]/portal/katalog/KatalogClient.tsx(12,10): error TS2614: Module '"@/app/[locale]/portal/katalog/page"' has no exported member 'ProduktMitPreis'. Did you mean to use 'import ProduktMitPreis from "@/app/[locale]/portal/katalog/page"' instead?
src/app/[locale]/portal/katalog/KatalogClient.tsx(12,27): error TS2614: Module '"@/app/[locale]/portal/katalog/page"' has no exported member 'Kategorie'. Did you mean to use 'import Kategorie from "@/app/[locale]/portal/katalog/page"' instead?
src/app/[locale]/portal/katalog/page.tsx(204,46): error TS2707: Generic type 'Enums' requires between 1 and 2 type arguments.
src/app/[locale]/portal/layout.tsx(135,25): error TS2322: Type '{ profile: { firma_id: string | null; id: string; rol: Database["public"]["Enums"]["user_role"]; tam_ad: string | null; tercih_edilen_dil: string; }; firma: { adres: string | null; created_at: string; ... 40 more ...; firmalar_finansal: { ...; } | null; }; initialNotifications: { ...; }[]; unreadNotificationCount: n...' is not assignable to type 'Omit<PortalContextType, "warenkorb" | "addToWarenkorb" | "removeFromWarenkorb" | "updateWarenkorbMenge" | "updateWarenkorbBirim" | "clearWarenkorb" | "getGesamtMengeImWarenkorb" | "setInitialWarenkorb">'.
  Types of property 'firma' are incompatible.
    Type '{ adres: string | null; created_at: string; created_by: string | null; email: string | null; etiketler: string[] | null; facebook_url: string | null; google_maps_url: string | null; ... 35 more ...; firmalar_finansal: { ...; } | null; }' is not assignable to type 'Firma'.
      Type '{ adres: string | null; created_at: string; created_by: string | null; email: string | null; etiketler: string[] | null; facebook_url: string | null; google_maps_url: string | null; ... 35 more ...; firmalar_finansal: { ...; } | null; }' is not assignable to type '{ firmalar_finansal?: { firma_id: string; odeme_vadesi_gun: number; ozel_indirim_orani: number; }[] | null | undefined; }'.
        Types of property 'firmalar_finansal' are incompatible.
          Type '{ firma_id: string; odeme_vadesi_gun: number; ozel_indirim_orani: number; } | null' is not assignable to type '{ firma_id: string; odeme_vadesi_gun: number; ozel_indirim_orani: number; }[] | null | undefined'.
            Type '{ firma_id: string; odeme_vadesi_gun: number; ozel_indirim_orani: number; }' is missing the following properties from type '{ firma_id: string; odeme_vadesi_gun: number; ozel_indirim_orani: number; }[]': length, pop, push, concat, and 35 more.
src/app/[locale]/portal/musterilerim/[firmaId]/etkinlikler/EtkinlikKarti.tsx(57,27): error TS2322: Type 'string' is not assignable to type 'never'.
src/app/[locale]/portal/musterilerim/[firmaId]/siparisler/page.tsx(201,65): error TS2322: Type 'number' is not assignable to type 'never'.
src/app/[locale]/portal/musterilerim/page.tsx(133,32): error TS2345: Argument of type 'string' is not assignable to parameter of type 'NonNullable<"M├╝┼ƒteri" | "Aday" | "Takipte" | "Temas Kuruldu" | "─░leti┼ƒimde" | "Pasif" | "ISITILIYOR" | "TEMAS ED─░LD─░" | "POTANS─░YEL" | "ADAY" | "─░LET─░┼×─░MDE" | "M├£┼×TER─░" | "PAS─░F" | "REDDED─░LD─░" | "NUMUNE VER─░LD─░" | null>'.
src/app/[locale]/portal/PortalContainer.tsx(22,14): error TS2741: Property 'dictionary' is missing in type '{ userRole: "Personel" | "Y├Ânetici" | "Ekip ├£yesi" | "M├╝┼ƒteri" | "Alt Bayi"; isOpen: boolean; setIsOpen: Dispatch<SetStateAction<boolean>>; }' but required in type 'SidebarProps'.
src/app/[locale]/portal/PortalContainer.tsx(29,18): error TS2741: Property 'dictionary' is missing in type '{ firmaUnvan: string; setSidebarOpen: Dispatch<SetStateAction<boolean>>; }' but required in type 'PortalHeaderProps'.
src/app/[locale]/portal/raporlar/ReportCharts.tsx(34,26): error TS2322: Type '(value: number) => string' is not assignable to type 'Formatter<number, NameType> & ((value: number, name: NameType, item: Payload<number, NameType>, index: number, payload: Payload<number, NameType>[]) => ReactNode | [...])'.
  Type '(value: number) => string' is not assignable to type 'Formatter<number, NameType>'.
    Types of parameters 'value' and 'value' are incompatible.
      Type 'number | undefined' is not assignable to type 'number'.
        Type 'undefined' is not assignable to type 'number'.
src/app/[locale]/portal/taleplerim/edit/[talepId]/page.tsx(80,18): error TS2322: Type '{ talep: { admin_notu: string | null; beschreibung: string | null; created_at: string; firma_id: string; geschaetzte_menge_pro_woche: number | null; id: string; kategorie_vorschlag: string | null; olusturan_kullanici_id: string | null; produkt_name: string; referenz_link_gorsel: string | null; status: "Onayland─▒" | ...' is not assignable to type 'IntrinsicAttributes & { talep: { admin_notu: string | null; beschreibung: string | null; created_at: string; firma_id: string; geschaetzte_menge_pro_woche: number | null; ... 5 more ...; status: "Onayland─▒" | ... 2 more ... | "Reddedildi"; }; dictionary: any; }'.
  Property 'locale' does not exist on type 'IntrinsicAttributes & { talep: { admin_notu: string | null; beschreibung: string | null; created_at: string; firma_id: string; geschaetzte_menge_pro_woche: number | null; ... 5 more ...; status: "Onayland─▒" | ... 2 more ... | "Reddedildi"; }; dictionary: any; }'.
src/app/[locale]/portal/taleplerim/page.tsx(46,123): error TS2322: Type 'number' is not assignable to type 'never'.
src/app/[locale]/portal/taleplerim/page.tsx(105,23): error TS2322: Type '(prevState: YeniUrunFormState, formData: FormData) => Promise<YeniUrunFormState>' is not assignable to type 'string | ((formData: FormData) => void | Promise<void>) | undefined'.
  Type '(prevState: YeniUrunFormState, formData: FormData) => Promise<YeniUrunFormState>' is not assignable to type '(formData: FormData) => void | Promise<void>'.
    Target signature provides too few arguments. Expected 2 or more, but got 1.
src/app/[locale]/portal/taleplerim/TaleplerimClient.tsx(36,770): error TS2322: Type 'number' is not assignable to type 'never'.
src/app/[locale]/portal/taleplerim/TaleplerimClient.tsx(37,690): error TS2322: Type 'number' is not assignable to type 'never'.
src/app/[locale]/portal/taleplerim/TaleplerimClient.tsx(108,17): error TS18047: 'result' is possibly 'null'.
src/app/[locale]/portal/taleplerim/TaleplerimClient.tsx(113,29): error TS18047: 'result' is possibly 'null'.
src/app/[locale]/preview/datenschutz/page.tsx(19,25): error TS2339: Property 'p1' does not exist on type '{ title: string; subtitle: string; section1Title: string; section1Intro: string; companyRepLabel: string; section2Title: string; section2Text: string; section3Title: string; section3Text: string; lastUpdated: string; }'.
src/app/[locale]/preview/datenschutz/page.tsx(20,25): error TS2339: Property 'p2' does not exist on type '{ title: string; subtitle: string; section1Title: string; section1Intro: string; companyRepLabel: string; section2Title: string; section2Text: string; section3Title: string; section3Text: string; lastUpdated: string; }'.
src/app/[locale]/preview/datenschutz/page.tsx(23,93): error TS2551: Property 'sectionTitle1' does not exist on type '{ title: string; subtitle: string; section1Title: string; section1Intro: string; companyRepLabel: string; section2Title: string; section2Text: string; section3Title: string; section3Text: string; lastUpdated: string; }'. Did you mean 'section1Title'?
src/app/[locale]/preview/datenschutz/page.tsx(24,27): error TS2339: Property 'responsibleBody' does not exist on type '{ title: string; subtitle: string; section1Title: string; section1Intro: string; companyRepLabel: string; section2Title: string; section2Text: string; section3Title: string; section3Text: string; lastUpdated: string; }'.
src/app/[locale]/preview/datenschutz/page.tsx(26,26): error TS2339: Property 'companyDetails' does not exist on type '{ title: string; subtitle: string; section1Title: string; section1Intro: string; companyRepLabel: string; section2Title: string; section2Text: string; section3Title: string; section3Text: string; lastUpdated: string; }'.
src/app/[locale]/preview/datenschutz/page.tsx(33,93): error TS2551: Property 'sectionTitle2' does not exist on type '{ title: string; subtitle: string; section1Title: string; section1Intro: string; companyRepLabel: string; section2Title: string; section2Text: string; section3Title: string; section3Text: string; lastUpdated: string; }'. Did you mean 'section1Title'?
src/app/[locale]/preview/datenschutz/page.tsx(34,27): error TS2339: Property 'rightsIntro' does not exist on type '{ title: string; subtitle: string; section1Title: string; section1Intro: string; companyRepLabel: string; section2Title: string; section2Text: string; section3Title: string; section3Text: string; lastUpdated: string; }'.
src/app/[locale]/preview/datenschutz/page.tsx(36,26): error TS2339: Property 'rightsList' does not exist on type '{ title: string; subtitle: string; section1Title: string; section1Intro: string; companyRepLabel: string; section2Title: string; section2Text: string; section3Title: string; section3Text: string; lastUpdated: string; }'.
src/app/[locale]/preview/datenschutz/page.tsx(40,44): error TS2339: Property 'p3' does not exist on type '{ title: string; subtitle: string; section1Title: string; section1Intro: string; companyRepLabel: string; section2Title: string; section2Text: string; section3Title: string; section3Text: string; lastUpdated: string; }'.
src/app/[locale]/preview/impressum/page.tsx(20,88): error TS2339: Property 'section1Title' does not exist on type '{ title: string; legalNote: string; managingDirectorLabel: string; contactLabel: string; registerLabel: string; registerPending: string; registerCourt: string; registerNumberPending: string; ... 5 more ...; lastUpdated: string; }'.
src/app/[locale]/preview/impressum/page.tsx(21,24): error TS2339: Property 'address' does not exist on type '{ title: string; legalNote: string; managingDirectorLabel: string; contactLabel: string; registerLabel: string; registerPending: string; registerCourt: string; registerNumberPending: string; ... 5 more ...; lastUpdated: string; }'.
src/app/[locale]/preview/impressum/page.tsx(27,88): error TS2339: Property 'section2Title' does not exist on type '{ title: string; legalNote: string; managingDirectorLabel: string; contactLabel: string; registerLabel: string; registerPending: string; registerCourt: string; registerNumberPending: string; ... 5 more ...; lastUpdated: string; }'.
src/app/[locale]/preview/impressum/page.tsx(28,27): error TS2551: Property 'managingDirector' does not exist on type '{ title: string; legalNote: string; managingDirectorLabel: string; contactLabel: string; registerLabel: string; registerPending: string; registerCourt: string; registerNumberPending: string; ... 5 more ...; lastUpdated: string; }'. Did you mean 'managingDirectorLabel'?
src/app/[locale]/preview/impressum/page.tsx(32,88): error TS2339: Property 'section3Title' does not exist on type '{ title: string; legalNote: string; managingDirectorLabel: string; contactLabel: string; registerLabel: string; registerPending: string; registerCourt: string; registerNumberPending: string; ... 5 more ...; lastUpdated: string; }'.
src/app/[locale]/preview/impressum/page.tsx(33,27): error TS2339: Property 'phone' does not exist on type '{ title: string; legalNote: string; managingDirectorLabel: string; contactLabel: string; registerLabel: string; registerPending: string; registerCourt: string; registerNumberPending: string; ... 5 more ...; lastUpdated: string; }'.
src/app/[locale]/preview/impressum/page.tsx(34,27): error TS2339: Property 'email' does not exist on type '{ title: string; legalNote: string; managingDirectorLabel: string; contactLabel: string; registerLabel: string; registerPending: string; registerCourt: string; registerNumberPending: string; ... 5 more ...; lastUpdated: string; }'.
src/app/[locale]/preview/impressum/page.tsx(38,88): error TS2339: Property 'section4Title' does not exist on type '{ title: string; legalNote: string; managingDirectorLabel: string; contactLabel: string; registerLabel: string; registerPending: string; registerCourt: string; registerNumberPending: string; ... 5 more ...; lastUpdated: string; }'.
src/app/[locale]/preview/impressum/page.tsx(41,43): error TS2339: Property 'registerNumber' does not exist on type '{ title: string; legalNote: string; managingDirectorLabel: string; contactLabel: string; registerLabel: string; registerPending: string; registerCourt: string; registerNumberPending: string; ... 5 more ...; lastUpdated: string; }'.
src/app/[locale]/preview/impressum/page.tsx(45,88): error TS2339: Property 'section5Title' does not exist on type '{ title: string; legalNote: string; managingDirectorLabel: string; contactLabel: string; registerLabel: string; registerPending: string; registerCourt: string; registerNumberPending: string; ... 5 more ...; lastUpdated: string; }'.
src/app/[locale]/preview/impressum/page.tsx(47,27): error TS2339: Property 'vatId' does not exist on type '{ title: string; legalNote: string; managingDirectorLabel: string; contactLabel: string; registerLabel: string; registerPending: string; registerCourt: string; registerNumberPending: string; ... 5 more ...; lastUpdated: string; }'.
src/app/[locale]/preview/impressum/page.tsx(51,88): error TS2339: Property 'section6Title' does not exist on type '{ title: string; legalNote: string; managingDirectorLabel: string; contactLabel: string; registerLabel: string; registerPending: string; registerCourt: string; registerNumberPending: string; ... 5 more ...; lastUpdated: string; }'.
src/app/[locale]/preview/impressum/page.tsx(52,54): error TS2339: Property 'disclaimerText' does not exist on type '{ title: string; legalNote: string; managingDirectorLabel: string; contactLabel: string; registerLabel: string; registerPending: string; registerCourt: string; registerNumberPending: string; ... 5 more ...; lastUpdated: string; }'.
src/app/[locale]/preview/products/page.tsx(77,11): error TS2322: Type '{ id: string; ad: Json; slug: string | null; ust_kategori_id: string | null; }[]' is not assignable to type 'Kategori[]'.
  Property 'urun_gami' is missing in type '{ id: string; ad: Json; slug: string | null; ust_kategori_id: string | null; }' but required in type 'Kategori'.
src/app/[locale]/preview/products/page.tsx(428,21): error TS2322: Type '{ kategoriler: Kategori[]; locale: string; seciliKategoriSlug: string | undefined; seciliUrunGami: ProductLineKey | undefined; totalCount: number; labels: any; availablePorsiyonlar: number[]; availableHacimler: number[]; basePath: string; }' is not assignable to type 'IntrinsicAttributes & ProfesyonelFiltreProps'.
  Property 'seciliUrunGami' does not exist on type 'IntrinsicAttributes & ProfesyonelFiltreProps'.
src/app/[locale]/preview/products/page.tsx(464,29): error TS2353: Object literal may only specify known properties, and 'query' does not exist in type '{ page: number; perPage: number; total: number; kategori?: string | undefined; }'.
src/app/[locale]/preview/products/product-grid-client.tsx(71,49): error TS2339: Property 'query' does not exist on type '{ page: number; perPage: number; total: number; kategori?: string | undefined; }'.
src/app/[locale]/preview/products/product-grid-client.tsx(71,56): error TS2339: Property 'basePath' does not exist on type '{ page: number; perPage: number; total: number; kategori?: string | undefined; }'.
src/app/[locale]/preview/products/product-grid-client.tsx(82,48): error TS2345: Argument of type '{}' is not assignable to parameter of type 'string'.
src/app/[locale]/preview/search/page.tsx(49,18): error TS2339: Property 'from' does not exist on type 'Promise<SupabaseClient<Database, "public", "public", { Tables: { sirket_resmi_bilgiler: { Row: { id: string; kategori: string; baslik: string; deger: string; sira: number; onemli_mi: boolean | null; created_at: string; updated_at: string; }; Insert: { ...; }; Update: { ...; }; Relationships: []; }; ... 49 more ...; ...'.
src/app/[locale]/preview/search/page.tsx(57,18): error TS2339: Property 'from' does not exist on type 'Promise<SupabaseClient<Database, "public", "public", { Tables: { sirket_resmi_bilgiler: { Row: { id: string; kategori: string; baslik: string; deger: string; sira: number; onemli_mi: boolean | null; created_at: string; updated_at: string; }; Insert: { ...; }; Update: { ...; }; Relationships: []; }; ... 49 more ...; ...'.
src/app/[locale]/preview/search/page.tsx(64,18): error TS2339: Property 'from' does not exist on type 'Promise<SupabaseClient<Database, "public", "public", { Tables: { sirket_resmi_bilgiler: { Row: { id: string; kategori: string; baslik: string; deger: string; sira: number; onemli_mi: boolean | null; created_at: string; updated_at: string; }; Insert: { ...; }; Update: { ...; }; Relationships: []; }; ... 49 more ...; ...'.
src/app/actions/contact-actions.ts(43,7): error TS2322: Type '"new_messages"' is not assignable to type '"task_assignments" | "order_updates" | "sample_updates" | "general_announcements" | undefined'.
src/app/actions/gorev-actions.ts(12,47): error TS2339: Property 'auth' does not exist on type 'Promise<SupabaseClient<Database, "public", "public", { Tables: { sirket_resmi_bilgiler: { Row: { id: string; kategori: string; baslik: string; deger: string; sira: number; onemli_mi: boolean | null; created_at: string; updated_at: string; }; Insert: { ...; }; Update: { ...; }; Relationships: []; }; ... 49 more ...; ...'.
src/app/actions/gorev-actions.ts(23,10): error TS2339: Property 'from' does not exist on type 'Promise<SupabaseClient<Database, "public", "public", { Tables: { sirket_resmi_bilgiler: { Row: { id: string; kategori: string; baslik: string; deger: string; sira: number; onemli_mi: boolean | null; created_at: string; updated_at: string; }; Insert: { ...; }; Update: { ...; }; Relationships: []; }; ... 49 more ...; ...'.
src/app/actions/gorev-actions.ts(45,13): error TS2740: Type 'Promise<SupabaseClient<Database, "public", "public", { Tables: { sirket_resmi_bilgiler: { Row: { id: string; kategori: string; baslik: string; deger: string; sira: number; onemli_mi: boolean | null; created_at: string; updated_at: string; }; Insert: { ...; }; Update: { ...; }; Relationships: []; }; ... 49 more ...; ...' is missing the following properties from type 'SupabaseClient<Database, "public", "public", { Tables: { sirket_resmi_bilgiler: { Row: { id: string; kategori: string; baslik: string; deger: string; sira: number; onemli_mi: boolean | null; created_at: string; updated_at: string; }; Insert: { ...; }; Update: { ...; }; Relationships: []; }; ... 49 more ...; yeni_uru...': supabaseUrl, supabaseKey, auth, realtime, and 21 more.
src/app/actions/gorev-actions.ts(59,47): error TS2339: Property 'auth' does not exist on type 'Promise<SupabaseClient<Database, "public", "public", { Tables: { sirket_resmi_bilgiler: { Row: { id: string; kategori: string; baslik: string; deger: string; sira: number; onemli_mi: boolean | null; created_at: string; updated_at: string; }; Insert: { ...; }; Update: { ...; }; Relationships: []; }; ... 49 more ...; ...'.
src/app/actions/gorev-actions.ts(65,10): error TS2339: Property 'from' does not exist on type 'Promise<SupabaseClient<Database, "public", "public", { Tables: { sirket_resmi_bilgiler: { Row: { id: string; kategori: string; baslik: string; deger: string; sira: number; onemli_mi: boolean | null; created_at: string; updated_at: string; }; Insert: { ...; }; Update: { ...; }; Relationships: []; }; ... 49 more ...; ...'.
src/app/actions/gorev-actions.ts(78,10): error TS2339: Property 'from' does not exist on type 'Promise<SupabaseClient<Database, "public", "public", { Tables: { sirket_resmi_bilgiler: { Row: { id: string; kategori: string; baslik: string; deger: string; sira: number; onemli_mi: boolean | null; created_at: string; updated_at: string; }; Insert: { ...; }; Update: { ...; }; Relationships: []; }; ... 49 more ...; ...'.
src/app/actions/gorev-actions.ts(98,13): error TS2740: Type 'Promise<SupabaseClient<Database, "public", "public", { Tables: { sirket_resmi_bilgiler: { Row: { id: string; kategori: string; baslik: string; deger: string; sira: number; onemli_mi: boolean | null; created_at: string; updated_at: string; }; Insert: { ...; }; Update: { ...; }; Relationships: []; }; ... 49 more ...; ...' is missing the following properties from type 'SupabaseClient<Database, "public", "public", { Tables: { sirket_resmi_bilgiler: { Row: { id: string; kategori: string; baslik: string; deger: string; sira: number; onemli_mi: boolean | null; created_at: string; updated_at: string; }; Insert: { ...; }; Update: { ...; }; Relationships: []; }; ... 49 more ...; yeni_uru...': supabaseUrl, supabaseKey, auth, realtime, and 21 more.
src/app/actions/gorev-actions.ts(111,17): error TS2740: Type 'Promise<SupabaseClient<Database, "public", "public", { Tables: { sirket_resmi_bilgiler: { Row: { id: string; kategori: string; baslik: string; deger: string; sira: number; onemli_mi: boolean | null; created_at: string; updated_at: string; }; Insert: { ...; }; Update: { ...; }; Relationships: []; }; ... 49 more ...; ...' is missing the following properties from type 'SupabaseClient<Database, "public", "public", { Tables: { sirket_resmi_bilgiler: { Row: { id: string; kategori: string; baslik: string; deger: string; sira: number; onemli_mi: boolean | null; created_at: string; updated_at: string; }; Insert: { ...; }; Update: { ...; }; Relationships: []; }; ... 49 more ...; yeni_uru...': supabaseUrl, supabaseKey, auth, realtime, and 21 more.
src/app/actions/kasa-actions.ts(30,15): error TS2769: No overload matches this call.
  Overload 1 of 2, '(relation: "documents" | "profiller" | "alt_bayi_satislar" | "urunler" | "alt_bayi_satis_kayitlari" | "firmalar" | "birimler" | "urun_degerlendirmeleri" | "document_folders" | "siparisler" | ... 40 more ... | "yeni_urun_talepleri"): PostgrestQueryBuilder<...>', gave the following error.
    Argument of type '"finans_kasa_islemleri"' is not assignable to parameter of type '"documents" | "profiller" | "alt_bayi_satislar" | "urunler" | "alt_bayi_satis_kayitlari" | "firmalar" | "birimler" | "urun_degerlendirmeleri" | "document_folders" | "siparisler" | ... 40 more ... | "yeni_urun_talepleri"'.
  Overload 2 of 2, '(relation: "kullanici_segment_bilgileri" | "public_urunler_katalog" | "favori_urunler_istatistik"): PostgrestQueryBuilder<{ PostgrestVersion: "13.0.5"; }, { Tables: { sirket_resmi_bilgiler: { Row: { ...; }; Insert: { ...; }; Update: { ...; }; Relationships: []; }; ... 49 more ...; yeni_urun_talepleri: { ...; }; }; Views: { ...; }; Functions: { ...; }; Enums: { ...; }; CompositeTypes: { ...; }; }, { ...; } | ... 1 more ... | { ...; }, "kullanici_segment_bilgileri" | ... 1 more ... | "favori_urunler_istatistik", [] | ... 1 more ... | [...]>', gave the following error.
    Argument of type '"finans_kasa_islemleri"' is not assignable to parameter of type '"kullanici_segment_bilgileri" | "public_urunler_katalog" | "favori_urunler_istatistik"'.
src/app/actions/kasa-actions.ts(76,49): error TS2769: No overload matches this call.
  Overload 1 of 2, '(relation: "documents" | "profiller" | "alt_bayi_satislar" | "urunler" | "alt_bayi_satis_kayitlari" | "firmalar" | "birimler" | "urun_degerlendirmeleri" | "document_folders" | "siparisler" | ... 40 more ... | "yeni_urun_talepleri"): PostgrestQueryBuilder<...>', gave the following error.
    Argument of type '"finans_kasa_islemleri"' is not assignable to parameter of type '"documents" | "profiller" | "alt_bayi_satislar" | "urunler" | "alt_bayi_satis_kayitlari" | "firmalar" | "birimler" | "urun_degerlendirmeleri" | "document_folders" | "siparisler" | ... 40 more ... | "yeni_urun_talepleri"'.
  Overload 2 of 2, '(relation: "kullanici_segment_bilgileri" | "public_urunler_katalog" | "favori_urunler_istatistik"): PostgrestQueryBuilder<{ PostgrestVersion: "13.0.5"; }, { Tables: { sirket_resmi_bilgiler: { Row: { ...; }; Insert: { ...; }; Update: { ...; }; Relationships: []; }; ... 49 more ...; yeni_urun_talepleri: { ...; }; }; Views: { ...; }; Functions: { ...; }; Enums: { ...; }; CompositeTypes: { ...; }; }, { ...; } | ... 1 more ... | { ...; }, "kullanici_segment_bilgileri" | ... 1 more ... | "favori_urunler_istatistik", [] | ... 1 more ... | [...]>', gave the following error.
    Argument of type '"finans_kasa_islemleri"' is not assignable to parameter of type '"kullanici_segment_bilgileri" | "public_urunler_katalog" | "favori_urunler_istatistik"'.
src/app/actions/kasa-actions.ts(79,15): error TS2769: No overload matches this call.
  Overload 1 of 2, '(relation: "documents" | "profiller" | "alt_bayi_satislar" | "urunler" | "alt_bayi_satis_kayitlari" | "firmalar" | "birimler" | "urun_degerlendirmeleri" | "document_folders" | "siparisler" | ... 40 more ... | "yeni_urun_talepleri"): PostgrestQueryBuilder<...>', gave the following error.
    Argument of type '"finans_kasa_islemleri"' is not assignable to parameter of type '"documents" | "profiller" | "alt_bayi_satislar" | "urunler" | "alt_bayi_satis_kayitlari" | "firmalar" | "birimler" | "urun_degerlendirmeleri" | "document_folders" | "siparisler" | ... 40 more ... | "yeni_urun_talepleri"'.
  Overload 2 of 2, '(relation: "kullanici_segment_bilgileri" | "public_urunler_katalog" | "favori_urunler_istatistik"): PostgrestQueryBuilder<{ PostgrestVersion: "13.0.5"; }, { Tables: { sirket_resmi_bilgiler: { Row: { ...; }; Insert: { ...; }; Update: { ...; }; Relationships: []; }; ... 49 more ...; yeni_urun_talepleri: { ...; }; }; Views: { ...; }; Functions: { ...; }; Enums: { ...; }; CompositeTypes: { ...; }; }, { ...; } | ... 1 more ... | { ...; }, "kullanici_segment_bilgileri" | ... 1 more ... | "favori_urunler_istatistik", [] | ... 1 more ... | [...]>', gave the following error.
    Argument of type '"finans_kasa_islemleri"' is not assignable to parameter of type '"kullanici_segment_bilgileri" | "public_urunler_katalog" | "favori_urunler_istatistik"'.
src/app/actions/kasa-actions.ts(88,25): error TS2339: Property 'islem_tipi' does not exist on type '{ firma_id: string | null; id: string; rol: "Personel" | "Y├Ânetici" | "Ekip ├£yesi" | "M├╝┼ƒteri" | "Alt Bayi"; tam_ad: string | null; tercih_edilen_dil: string; } | { alici_id: string; ... 4 more ...; okundu_mu: boolean; } | ... 48 more ... | { ...; }'.
  Property 'islem_tipi' does not exist on type '{ firma_id: string | null; id: string; rol: "Personel" | "Y├Ânetici" | "Ekip ├£yesi" | "M├╝┼ƒteri" | "Alt Bayi"; tam_ad: string | null; tercih_edilen_dil: string; }'.
src/app/actions/kasa-actions.ts(88,66): error TS2339: Property 'islem_tipi' does not exist on type '{ firma_id: string | null; id: string; rol: "Personel" | "Y├Ânetici" | "Ekip ├£yesi" | "M├╝┼ƒteri" | "Alt Bayi"; tam_ad: string | null; tercih_edilen_dil: string; } | { alici_id: string; ... 4 more ...; okundu_mu: boolean; } | ... 48 more ... | { ...; }'.
  Property 'islem_tipi' does not exist on type '{ firma_id: string | null; id: string; rol: "Personel" | "Y├Ânetici" | "Ekip ├£yesi" | "M├╝┼ƒteri" | "Alt Bayi"; tam_ad: string | null; tercih_edilen_dil: string; }'.
src/app/actions/kasa-actions.ts(89,38): error TS2339: Property 'islem_tipi' does not exist on type '{ firma_id: string | null; id: string; rol: "Personel" | "Y├Ânetici" | "Ekip ├£yesi" | "M├╝┼ƒteri" | "Alt Bayi"; tam_ad: string | null; tercih_edilen_dil: string; } | { alici_id: string; ... 4 more ...; okundu_mu: boolean; } | ... 48 more ... | { ...; }'.
  Property 'islem_tipi' does not exist on type '{ firma_id: string | null; id: string; rol: "Personel" | "Y├Ânetici" | "Ekip ├£yesi" | "M├╝┼ƒteri" | "Alt Bayi"; tam_ad: string | null; tercih_edilen_dil: string; }'.
src/app/actions/kasa-actions.ts(90,34): error TS2339: Property 'islem_tipi' does not exist on type '{ firma_id: string | null; id: string; rol: "Personel" | "Y├Ânetici" | "Ekip ├£yesi" | "M├╝┼ƒteri" | "Alt Bayi"; tam_ad: string | null; tercih_edilen_dil: string; } | { alici_id: string; ... 4 more ...; okundu_mu: boolean; } | ... 48 more ... | { ...; }'.
  Property 'islem_tipi' does not exist on type '{ firma_id: string | null; id: string; rol: "Personel" | "Y├Ânetici" | "Ekip ├£yesi" | "M├╝┼ƒteri" | "Alt Bayi"; tam_ad: string | null; tercih_edilen_dil: string; }'.
src/app/actions/kasa-actions.ts(90,83): error TS2339: Property 'tutar' does not exist on type '{ firma_id: string | null; id: string; rol: "Personel" | "Y├Ânetici" | "Ekip ├£yesi" | "M├╝┼ƒteri" | "Alt Bayi"; tam_ad: string | null; tercih_edilen_dil: string; } | { alici_id: string; ... 4 more ...; okundu_mu: boolean; } | ... 48 more ... | { ...; }'.
  Property 'tutar' does not exist on type '{ firma_id: string | null; id: string; rol: "Personel" | "Y├Ânetici" | "Ekip ├£yesi" | "M├╝┼ƒteri" | "Alt Bayi"; tam_ad: string | null; tercih_edilen_dil: string; }'.
src/app/actions/kasa-actions.ts(90,108): error TS2339: Property 'tutar' does not exist on type '{ firma_id: string | null; id: string; rol: "Personel" | "Y├Ânetici" | "Ekip ├£yesi" | "M├╝┼ƒteri" | "Alt Bayi"; tam_ad: string | null; tercih_edilen_dil: string; } | { alici_id: string; ... 4 more ...; okundu_mu: boolean; } | ... 48 more ... | { ...; }'.
  Property 'tutar' does not exist on type '{ firma_id: string | null; id: string; rol: "Personel" | "Y├Ânetici" | "Ekip ├£yesi" | "M├╝┼ƒteri" | "Alt Bayi"; tam_ad: string | null; tercih_edilen_dil: string; }'.
src/app/actions/kasa-actions.ts(91,56): error TS2339: Property 'aciklama' does not exist on type '{ firma_id: string | null; id: string; rol: "Personel" | "Y├Ânetici" | "Ekip ├£yesi" | "M├╝┼ƒteri" | "Alt Bayi"; tam_ad: string | null; tercih_edilen_dil: string; } | { alici_id: string; ... 4 more ...; okundu_mu: boolean; } | ... 48 more ... | { ...; }'.
  Property 'aciklama' does not exist on type '{ firma_id: string | null; id: string; rol: "Personel" | "Y├Ânetici" | "Ekip ├£yesi" | "M├╝┼ƒteri" | "Alt Bayi"; tam_ad: string | null; tercih_edilen_dil: string; }'.
src/app/actions/kasa-actions.ts(105,31): error TS2339: Property 'message' does not exist on type 'never'.
src/app/actions/ortak-actions.ts(115,29): error TS2769: No overload matches this call.
  Overload 1 of 2, '(relation: "documents" | "profiller" | "alt_bayi_satislar" | "urunler" | "alt_bayi_satis_kayitlari" | "firmalar" | "birimler" | "urun_degerlendirmeleri" | "document_folders" | "siparisler" | ... 40 more ... | "yeni_urun_talepleri"): PostgrestQueryBuilder<...>', gave the following error.
    Argument of type '"finans_kasa_islemleri"' is not assignable to parameter of type '"documents" | "profiller" | "alt_bayi_satislar" | "urunler" | "alt_bayi_satis_kayitlari" | "firmalar" | "birimler" | "urun_degerlendirmeleri" | "document_folders" | "siparisler" | ... 40 more ... | "yeni_urun_talepleri"'.
  Overload 2 of 2, '(relation: "kullanici_segment_bilgileri" | "public_urunler_katalog" | "favori_urunler_istatistik"): PostgrestQueryBuilder<{ PostgrestVersion: "13.0.5"; }, { Tables: { sirket_resmi_bilgiler: { Row: { ...; }; Insert: { ...; }; Update: { ...; }; Relationships: []; }; ... 49 more ...; yeni_urun_talepleri: { ...; }; }; Views: { ...; }; Functions: { ...; }; Enums: { ...; }; CompositeTypes: { ...; }; }, { ...; } | ... 1 more ... | { ...; }, "kullanici_segment_bilgileri" | ... 1 more ... | "favori_urunler_istatistik", [] | ... 1 more ... | [...]>', gave the following error.
    Argument of type '"finans_kasa_islemleri"' is not assignable to parameter of type '"kullanici_segment_bilgileri" | "public_urunler_katalog" | "favori_urunler_istatistik"'.
src/app/actions/ortak-actions.ts(144,25): error TS2769: No overload matches this call.
  Overload 1 of 2, '(relation: "documents" | "profiller" | "alt_bayi_satislar" | "urunler" | "alt_bayi_satis_kayitlari" | "firmalar" | "birimler" | "urun_degerlendirmeleri" | "document_folders" | "siparisler" | ... 40 more ... | "yeni_urun_talepleri"): PostgrestQueryBuilder<...>', gave the following error.
    Argument of type '"finans_kasa_islemleri"' is not assignable to parameter of type '"documents" | "profiller" | "alt_bayi_satislar" | "urunler" | "alt_bayi_satis_kayitlari" | "firmalar" | "birimler" | "urun_degerlendirmeleri" | "document_folders" | "siparisler" | ... 40 more ... | "yeni_urun_talepleri"'.
  Overload 2 of 2, '(relation: "kullanici_segment_bilgileri" | "public_urunler_katalog" | "favori_urunler_istatistik"): PostgrestQueryBuilder<{ PostgrestVersion: "13.0.5"; }, { Tables: { sirket_resmi_bilgiler: { Row: { ...; }; Insert: { ...; }; Update: { ...; }; Relationships: []; }; ... 49 more ...; yeni_urun_talepleri: { ...; }; }; Views: { ...; }; Functions: { ...; }; Enums: { ...; }; CompositeTypes: { ...; }; }, { ...; } | ... 1 more ... | { ...; }, "kullanici_segment_bilgileri" | ... 1 more ... | "favori_urunler_istatistik", [] | ... 1 more ... | [...]>', gave the following error.
    Argument of type '"finans_kasa_islemleri"' is not assignable to parameter of type '"kullanici_segment_bilgileri" | "public_urunler_katalog" | "favori_urunler_istatistik"'.
src/app/actions/ortak-actions.ts(197,33): error TS2769: No overload matches this call.
  Overload 1 of 2, '(relation: "documents" | "profiller" | "alt_bayi_satislar" | "urunler" | "alt_bayi_satis_kayitlari" | "firmalar" | "birimler" | "urun_degerlendirmeleri" | "document_folders" | "siparisler" | ... 40 more ... | "yeni_urun_talepleri"): PostgrestQueryBuilder<...>', gave the following error.
    Argument of type '"finans_kasa_islemleri"' is not assignable to parameter of type '"documents" | "profiller" | "alt_bayi_satislar" | "urunler" | "alt_bayi_satis_kayitlari" | "firmalar" | "birimler" | "urun_degerlendirmeleri" | "document_folders" | "siparisler" | ... 40 more ... | "yeni_urun_talepleri"'.
  Overload 2 of 2, '(relation: "kullanici_segment_bilgileri" | "public_urunler_katalog" | "favori_urunler_istatistik"): PostgrestQueryBuilder<{ PostgrestVersion: "13.0.5"; }, { Tables: { sirket_resmi_bilgiler: { Row: { ...; }; Insert: { ...; }; Update: { ...; }; Relationships: []; }; ... 49 more ...; yeni_urun_talepleri: { ...; }; }; Views: { ...; }; Functions: { ...; }; Enums: { ...; }; CompositeTypes: { ...; }; }, { ...; } | ... 1 more ... | { ...; }, "kullanici_segment_bilgileri" | ... 1 more ... | "favori_urunler_istatistik", [] | ... 1 more ... | [...]>', gave the following error.
    Argument of type '"finans_kasa_islemleri"' is not assignable to parameter of type '"kullanici_segment_bilgileri" | "public_urunler_katalog" | "favori_urunler_istatistik"'.
src/app/actions/partner-actions.ts(81,9): error TS2322: Type '"new_partner_applications"' is not assignable to type '"task_assignments" | "order_updates" | "sample_updates" | "general_announcements" | undefined'.
src/app/actions/siparis-actions.ts(120,38): error TS2339: Property 'order_id' does not exist on type 'never'.
src/app/actions/siparis-actions.ts(121,33): error TS2339: Property 'order_id' does not exist on type 'never'.
src/app/actions/siparis-actions.ts(397,48): error TS2769: No overload matches this call.
  Overload 1 of 2, '(values: { aciklama?: string | null | undefined; atanan_kisi_id: string; baslik: string; created_at?: string | undefined; durum?: "Yap─▒lacak" | "Devam Ediyor" | "Tamamland─▒" | undefined; ... 6 more ...; tamamlandi?: boolean | undefined; }, options?: { ...; } | undefined): PostgrestFilterBuilder<...>', gave the following error.
    Argument of type '{ atanan_kisi_id: string; olusturan_kisi_id: string; baslik: string; aciklama: string; oncelik: string; tamamlandi: boolean; ilgili_firma_id: string; }[]' is not assignable to parameter of type '{ aciklama?: string | null | undefined; atanan_kisi_id: string; baslik: string; created_at?: string | undefined; durum?: "Yap─▒lacak" | "Devam Ediyor" | "Tamamland─▒" | undefined; id?: string | undefined; ... 5 more ...; tamamlandi?: boolean | undefined; }'.
      Type '{ atanan_kisi_id: string; olusturan_kisi_id: string; baslik: string; aciklama: string; oncelik: string; tamamlandi: boolean; ilgili_firma_id: string; }[]' is missing the following properties from type '{ aciklama?: string | null | undefined; atanan_kisi_id: string; baslik: string; created_at?: string | undefined; durum?: "Yap─▒lacak" | "Devam Ediyor" | "Tamamland─▒" | undefined; id?: string | undefined; ... 5 more ...; tamamlandi?: boolean | undefined; }': atanan_kisi_id, baslik
  Overload 2 of 2, '(values: { aciklama?: string | null | undefined; atanan_kisi_id: string; baslik: string; created_at?: string | undefined; durum?: "Yap─▒lacak" | "Devam Ediyor" | "Tamamland─▒" | undefined; ... 6 more ...; tamamlandi?: boolean | undefined; }[], options?: { ...; } | undefined): PostgrestFilterBuilder<...>', gave the following error.
    Argument of type '{ atanan_kisi_id: string; olusturan_kisi_id: string; baslik: string; aciklama: string; oncelik: string; tamamlandi: boolean; ilgili_firma_id: string; }[]' is not assignable to parameter of type '{ aciklama?: string | null | undefined; atanan_kisi_id: string; baslik: string; created_at?: string | undefined; durum?: "Yap─▒lacak" | "Devam Ediyor" | "Tamamland─▒" | undefined; id?: string | undefined; ... 5 more ...; tamamlandi?: boolean | undefined; }[]'.
      Type '{ atanan_kisi_id: string; olusturan_kisi_id: string; baslik: string; aciklama: string; oncelik: string; tamamlandi: boolean; ilgili_firma_id: string; }' is not assignable to type '{ aciklama?: string | null | undefined; atanan_kisi_id: string; baslik: string; created_at?: string | undefined; durum?: "Yap─▒lacak" | "Devam Ediyor" | "Tamamland─▒" | undefined; id?: string | undefined; ... 5 more ...; tamamlandi?: boolean | undefined; }'.
        Types of property 'oncelik' are incompatible.
          Type 'string' is not assignable to type '"D├╝┼ƒ├╝k" | "Orta" | "Y├╝ksek" | undefined'.
src/app/actions/storage-actions.ts(12,47): error TS2339: Property 'auth' does not exist on type 'Promise<SupabaseClient<Database, "public", "public", { Tables: { sirket_resmi_bilgiler: { Row: { id: string; kategori: string; baslik: string; deger: string; sira: number; onemli_mi: boolean | null; created_at: string; updated_at: string; }; Insert: { ...; }; Update: { ...; }; Relationships: []; }; ... 49 more ...; ...'.
src/app/actions/storage-actions.ts(16,44): error TS2339: Property 'storage' does not exist on type 'Promise<SupabaseClient<Database, "public", "public", { Tables: { sirket_resmi_bilgiler: { Row: { id: string; kategori: string; baslik: string; deger: string; sira: number; onemli_mi: boolean | null; created_at: string; updated_at: string; }; Insert: { ...; }; Update: { ...; }; Relationships: []; }; ... 49 more ...; ...'.
src/app/actions/storage-actions.ts(33,38): error TS2339: Property 'storage' does not exist on type 'Promise<SupabaseClient<Database, "public", "public", { Tables: { sirket_resmi_bilgiler: { Row: { id: string; kategori: string; baslik: string; deger: string; sira: number; onemli_mi: boolean | null; created_at: string; updated_at: string; }; Insert: { ...; }; Update: { ...; }; Relationships: []; }; ... 49 more ...; ...'.
src/app/actions/supplier-price-import-actions.ts(436,7): error TS2322: Type 'string | null' is not assignable to type 'string | undefined'.
  Type 'null' is not assignable to type 'string | undefined'.
src/app/actions/supplier-price-import-actions.ts(437,7): error TS2322: Type 'string | null' is not assignable to type 'string | undefined'.
  Type 'null' is not assignable to type 'string | undefined'.
src/app/actions/supplier-price-import-actions.ts(438,7): error TS2322: Type 'string | null' is not assignable to type 'string | undefined'.
  Type 'null' is not assignable to type 'string | undefined'.
src/app/actions/supplier-price-import-actions.ts(439,7): error TS2322: Type 'string | null' is not assignable to type 'string | undefined'.
  Type 'null' is not assignable to type 'string | undefined'.
src/app/actions/supplier-price-import-actions.ts(442,7): error TS2322: Type 'string | null' is not assignable to type 'string | undefined'.
  Type 'null' is not assignable to type 'string | undefined'.
src/app/actions/supplier-price-import-actions.ts(443,7): error TS2322: Type 'string | null' is not assignable to type 'string | undefined'.
  Type 'null' is not assignable to type 'string | undefined'.
src/app/actions/supplier-price-import-actions.ts(444,7): error TS2322: Type 'string | null' is not assignable to type 'string | undefined'.
  Type 'null' is not assignable to type 'string | undefined'.
src/app/actions/supplier-price-import-actions.ts(445,7): error TS2322: Type 'string | null' is not assignable to type 'string | undefined'.
  Type 'null' is not assignable to type 'string | undefined'.
src/app/actions/supplier-price-import-actions.ts(1019,7): error TS2322: Type 'PostgrestSingleResponse<{ id: string; stok_kodu: string | null; ad: Json; aciklamalar: Json; distributor_alis_fiyati: number; tedarikci_id: string | null; teknik_ozellikler: Json; kategori_id: string; slug: string | null; }[]>' is not assignable to type 'PostgrestSingleResponse<{ id: string; stok_kodu: string | null; ad: Json; aciklamalar: Json; distributor_alis_fiyati: number; tedarikci_id: string | null; urun_gami: string | null; teknik_ozellikler: Json; kategori_id: string; slug: string | null; }[]>'.
  Type 'PostgrestResponseSuccess<{ id: string; stok_kodu: string | null; ad: Json; aciklamalar: Json; distributor_alis_fiyati: number; tedarikci_id: string | null; teknik_ozellikler: Json; kategori_id: string; slug: string | null; }[]>' is not assignable to type 'PostgrestSingleResponse<{ id: string; stok_kodu: string | null; ad: Json; aciklamalar: Json; distributor_alis_fiyati: number; tedarikci_id: string | null; urun_gami: string | null; teknik_ozellikler: Json; kategori_id: string; slug: string | null; }[]>'.
    Type 'PostgrestResponseSuccess<{ id: string; stok_kodu: string | null; ad: Json; aciklamalar: Json; distributor_alis_fiyati: number; tedarikci_id: string | null; teknik_ozellikler: Json; kategori_id: string; slug: string | null; }[]>' is not assignable to type 'PostgrestResponseSuccess<{ id: string; stok_kodu: string | null; ad: Json; aciklamalar: Json; distributor_alis_fiyati: number; tedarikci_id: string | null; urun_gami: string | null; teknik_ozellikler: Json; kategori_id: string; slug: string | null; }[]>'.
      Type '{ id: string; stok_kodu: string | null; ad: Json; aciklamalar: Json; distributor_alis_fiyati: number; tedarikci_id: string | null; teknik_ozellikler: Json; kategori_id: string; slug: string | null; }[]' is not assignable to type '{ id: string; stok_kodu: string | null; ad: Json; aciklamalar: Json; distributor_alis_fiyati: number; tedarikci_id: string | null; urun_gami: string | null; teknik_ozellikler: Json; kategori_id: string; slug: string | null; }[]'.
        Property 'urun_gami' is missing in type '{ id: string; stok_kodu: string | null; ad: Json; aciklamalar: Json; distributor_alis_fiyati: number; tedarikci_id: string | null; teknik_ozellikler: Json; kategori_id: string; slug: string | null; }' but required in type '{ id: string; stok_kodu: string | null; ad: Json; aciklamalar: Json; distributor_alis_fiyati: number; tedarikci_id: string | null; urun_gami: string | null; teknik_ozellikler: Json; kategori_id: string; slug: string | null; }'.
src/app/actions/supplier-price-import-actions.ts(1026,7): error TS2322: Type 'PostgrestSingleResponse<{ id: string; ad: Json; slug: string | null; ust_kategori_id: string | null; }[]>' is not assignable to type 'PostgrestSingleResponse<{ id: string; ad: Json; slug: string | null; ust_kategori_id: string | null; urun_gami: string | null; }[]>'.
  Type 'PostgrestResponseSuccess<{ id: string; ad: Json; slug: string | null; ust_kategori_id: string | null; }[]>' is not assignable to type 'PostgrestSingleResponse<{ id: string; ad: Json; slug: string | null; ust_kategori_id: string | null; urun_gami: string | null; }[]>'.
    Type 'PostgrestResponseSuccess<{ id: string; ad: Json; slug: string | null; ust_kategori_id: string | null; }[]>' is not assignable to type 'PostgrestResponseSuccess<{ id: string; ad: Json; slug: string | null; ust_kategori_id: string | null; urun_gami: string | null; }[]>'.
      Type '{ id: string; ad: Json; slug: string | null; ust_kategori_id: string | null; }[]' is not assignable to type '{ id: string; ad: Json; slug: string | null; ust_kategori_id: string | null; urun_gami: string | null; }[]'.
        Property 'urun_gami' is missing in type '{ id: string; ad: Json; slug: string | null; ust_kategori_id: string | null; }' but required in type '{ id: string; ad: Json; slug: string | null; ust_kategori_id: string | null; urun_gami: string | null; }'.
src/app/actions/supplier-price-import-actions.ts(1197,9): error TS2322: Type '{ [x: string]: unknown; }' is not assignable to type 'Json | undefined'.
  Type '{ [x: string]: unknown; }' is missing the following properties from type 'Json[]': length, pop, push, concat, and 35 more.
src/app/actions/supplier-price-import-actions.ts(1263,29): error TS2322: Type 'Record<string, unknown>' is not assignable to type 'Json | undefined'.
  Type 'Record<string, unknown>' is missing the following properties from type 'Json[]': length, pop, push, concat, and 35 more.
src/app/actions/urun-actions.ts(12,59): error TS2339: Property 'Row' does not exist on type '{ aciklamalar: Json; ad: Json; aktif: boolean; alis_fiyat_seviyesi: string | null; allergene: Json; almanya_kdv_orani: number | null; ana_resim_url: string | null; ... 49 more ...; zertifikate: string[] | null; }'.
src/app/actions/urun-actions.ts(51,91): error TS2339: Property 'Row' does not exist on type '{ aciklamalar: Json; ad: Json; aktif: boolean; alis_fiyat_seviyesi: string | null; allergene: Json; almanya_kdv_orani: number | null; ana_resim_url: string | null; ... 49 more ...; zertifikate: string[] | null; }'.
src/app/actions/urun-actions.ts(56,63): error TS2353: Object literal may only specify known properties, and 'gorunurluk' does not exist in type '{ aciklamalar?: Json | undefined; ad?: Json | undefined; aktif?: boolean | undefined; alis_fiyat_seviyesi?: string | null | undefined; allergene?: Json | undefined; ... 51 more ...; zertifikate?: string[] | ... 1 more ... | undefined; }'.
src/app/actions/urun-actions.ts(122,56): error TS2345: Argument of type '{ urun_kodu: string | null; barkod: string | null; urun_adi: { de: FormDataEntryValue | null; en: FormDataEntryValue | null; tr: FormDataEntryValue | null; ar: FormDataEntryValue | null; }; ... 18 more ...; stok_bitti_esigi: number; }' is not assignable to parameter of type '{ aciklamalar?: Json | undefined; ad?: Json | undefined; aktif?: boolean | undefined; alis_fiyat_seviyesi?: string | null | undefined; allergene?: Json | undefined; ... 51 more ...; zertifikate?: string[] | ... 1 more ... | undefined; }'.
  Types of property 'kategori_id' are incompatible.
    Type 'string | null' is not assignable to type 'string | undefined'.
      Type 'null' is not assignable to type 'string | undefined'.
src/app/actions/urun-actions.ts(125,94): error TS2769: No overload matches this call.
  Overload 1 of 2, '(values: { aciklamalar?: Json | undefined; ad: Json; aktif?: boolean | undefined; alis_fiyat_seviyesi?: string | null | undefined; allergene?: Json | undefined; almanya_kdv_orani?: number | ... 1 more ... | undefined; ... 50 more ...; zertifikate?: string[] | ... 1 more ... | undefined; }, options?: { ...; } | undefined): PostgrestFilterBuilder<...>', gave the following error.
    Argument of type '{ urun_kodu: string | null; barkod: string | null; urun_adi: { de: FormDataEntryValue | null; en: FormDataEntryValue | null; tr: FormDataEntryValue | null; ar: FormDataEntryValue | null; }; ... 18 more ...; stok_bitti_esigi: number; }' is not assignable to parameter of type '{ aciklamalar?: Json | undefined; ad: Json; aktif?: boolean | undefined; alis_fiyat_seviyesi?: string | null | undefined; allergene?: Json | undefined; almanya_kdv_orani?: number | ... 1 more ... | undefined; ... 50 more ...; zertifikate?: string[] | ... 1 more ... | undefined; }'.
      Property 'ad' is missing in type '{ urun_kodu: string | null; barkod: string | null; urun_adi: { de: FormDataEntryValue | null; en: FormDataEntryValue | null; tr: FormDataEntryValue | null; ar: FormDataEntryValue | null; }; ... 18 more ...; stok_bitti_esigi: number; }' but required in type '{ aciklamalar?: Json | undefined; ad: Json; aktif?: boolean | undefined; alis_fiyat_seviyesi?: string | null | undefined; allergene?: Json | undefined; almanya_kdv_orani?: number | ... 1 more ... | undefined; ... 50 more ...; zertifikate?: string[] | ... 1 more ... | undefined; }'.
  Overload 2 of 2, '(values: { aciklamalar?: Json | undefined; ad: Json; aktif?: boolean | undefined; alis_fiyat_seviyesi?: string | null | undefined; allergene?: Json | undefined; almanya_kdv_orani?: number | ... 1 more ... | undefined; ... 50 more ...; zertifikate?: string[] | ... 1 more ... | undefined; }[], options?: { ...; } | undefined): PostgrestFilterBuilder<...>', gave the following error.
    Argument of type '{ urun_kodu: string | null; barkod: string | null; urun_adi: { de: FormDataEntryValue | null; en: FormDataEntryValue | null; tr: FormDataEntryValue | null; ar: FormDataEntryValue | null; }; ... 18 more ...; stok_bitti_esigi: number; }' is not assignable to parameter of type '{ aciklamalar?: Json | undefined; ad: Json; aktif?: boolean | undefined; alis_fiyat_seviyesi?: string | null | undefined; allergene?: Json | undefined; almanya_kdv_orani?: number | ... 1 more ... | undefined; ... 50 more ...; zertifikate?: string[] | ... 1 more ... | undefined; }[]'.
      Type '{ urun_kodu: string | null; barkod: string | null; urun_adi: { de: FormDataEntryValue | null; en: FormDataEntryValue | null; tr: FormDataEntryValue | null; ar: FormDataEntryValue | null; }; ... 18 more ...; stok_bitti_esigi: number; }' is missing the following properties from type '{ aciklamalar?: Json | undefined; ad: Json; aktif?: boolean | undefined; alis_fiyat_seviyesi?: string | null | undefined; allergene?: Json | undefined; almanya_kdv_orani?: number | ... 1 more ... | undefined; ... 50 more ...; zertifikate?: string[] | ... 1 more ... | undefined; }[]': length, pop, push, concat, and 35 more.
src/app/api/admin/delete-user/route.ts(64,58): error TS2322: Type 'null' is not assignable to type 'string | undefined'.
src/app/api/admin/documents/search/route.ts(41,21): error TS2322: Type 'string | null' is not assignable to type 'string | undefined'.
  Type 'null' is not assignable to type 'string | undefined'.
src/app/api/admin/documents/search/route.ts(42,21): error TS2322: Type 'string | null' is not assignable to type 'string | undefined'.
  Type 'null' is not assignable to type 'string | undefined'.
src/app/api/admin/documents/search/route.ts(43,21): error TS2322: Type 'string | null' is not assignable to type 'string | undefined'.
  Type 'null' is not assignable to type 'string | undefined'.
src/app/api/admin/documents/search/route.ts(44,21): error TS2322: Type 'string[] | null' is not assignable to type 'string[] | undefined'.
  Type 'null' is not assignable to type 'string[] | undefined'.
src/app/api/belgeler/[id]/route.ts(19,15): error TS2769: No overload matches this call.
  Overload 1 of 2, '(relation: "documents" | "profiller" | "alt_bayi_satislar" | "urunler" | "alt_bayi_satis_kayitlari" | "firmalar" | "birimler" | "urun_degerlendirmeleri" | "document_folders" | "siparisler" | ... 40 more ... | "yeni_urun_talepleri"): PostgrestQueryBuilder<...>', gave the following error.
    Argument of type '"belgeler"' is not assignable to parameter of type '"documents" | "profiller" | "alt_bayi_satislar" | "urunler" | "alt_bayi_satis_kayitlari" | "firmalar" | "birimler" | "urun_degerlendirmeleri" | "document_folders" | "siparisler" | ... 40 more ... | "yeni_urun_talepleri"'.
  Overload 2 of 2, '(relation: "kullanici_segment_bilgileri" | "public_urunler_katalog" | "favori_urunler_istatistik"): PostgrestQueryBuilder<{ PostgrestVersion: "13.0.5"; }, { Tables: { sirket_resmi_bilgiler: { Row: { ...; }; Insert: { ...; }; Update: { ...; }; Relationships: []; }; ... 49 more ...; yeni_urun_talepleri: { ...; }; }; Views: { ...; }; Functions: { ...; }; Enums: { ...; }; CompositeTypes: { ...; }; }, { ...; } | ... 1 more ... | { ...; }, "kullanici_segment_bilgileri" | ... 1 more ... | "favori_urunler_istatistik", [] | ... 1 more ... | [...]>', gave the following error.
    Argument of type '"belgeler"' is not assignable to parameter of type '"kullanici_segment_bilgileri" | "public_urunler_katalog" | "favori_urunler_istatistik"'.
src/app/api/belgeler/[id]/route.ts(56,15): error TS2769: No overload matches this call.
  Overload 1 of 2, '(relation: "documents" | "profiller" | "alt_bayi_satislar" | "urunler" | "alt_bayi_satis_kayitlari" | "firmalar" | "birimler" | "urun_degerlendirmeleri" | "document_folders" | "siparisler" | ... 40 more ... | "yeni_urun_talepleri"): PostgrestQueryBuilder<...>', gave the following error.
    Argument of type '"belgeler"' is not assignable to parameter of type '"documents" | "profiller" | "alt_bayi_satislar" | "urunler" | "alt_bayi_satis_kayitlari" | "firmalar" | "birimler" | "urun_degerlendirmeleri" | "document_folders" | "siparisler" | ... 40 more ... | "yeni_urun_talepleri"'.
  Overload 2 of 2, '(relation: "kullanici_segment_bilgileri" | "public_urunler_katalog" | "favori_urunler_istatistik"): PostgrestQueryBuilder<{ PostgrestVersion: "13.0.5"; }, { Tables: { sirket_resmi_bilgiler: { Row: { ...; }; Insert: { ...; }; Update: { ...; }; Relationships: []; }; ... 49 more ...; yeni_urun_talepleri: { ...; }; }; Views: { ...; }; Functions: { ...; }; Enums: { ...; }; CompositeTypes: { ...; }; }, { ...; } | ... 1 more ... | { ...; }, "kullanici_segment_bilgileri" | ... 1 more ... | "favori_urunler_istatistik", [] | ... 1 more ... | [...]>', gave the following error.
    Argument of type '"belgeler"' is not assignable to parameter of type '"kullanici_segment_bilgileri" | "public_urunler_katalog" | "favori_urunler_istatistik"'.
src/app/api/belgeler/route.ts(30,19): error TS2769: No overload matches this call.
  Overload 1 of 2, '(relation: "documents" | "profiller" | "alt_bayi_satislar" | "urunler" | "alt_bayi_satis_kayitlari" | "firmalar" | "birimler" | "urun_degerlendirmeleri" | "document_folders" | "siparisler" | ... 40 more ... | "yeni_urun_talepleri"): PostgrestQueryBuilder<...>', gave the following error.
    Argument of type '"belgeler"' is not assignable to parameter of type '"documents" | "profiller" | "alt_bayi_satislar" | "urunler" | "alt_bayi_satis_kayitlari" | "firmalar" | "birimler" | "urun_degerlendirmeleri" | "document_folders" | "siparisler" | ... 40 more ... | "yeni_urun_talepleri"'.
  Overload 2 of 2, '(relation: "kullanici_segment_bilgileri" | "public_urunler_katalog" | "favori_urunler_istatistik"): PostgrestQueryBuilder<{ PostgrestVersion: "13.0.5"; }, { Tables: { sirket_resmi_bilgiler: { Row: { ...; }; Insert: { ...; }; Update: { ...; }; Relationships: []; }; ... 49 more ...; yeni_urun_talepleri: { ...; }; }; Views: { ...; }; Functions: { ...; }; Enums: { ...; }; CompositeTypes: { ...; }; }, { ...; } | ... 1 more ... | { ...; }, "kullanici_segment_bilgileri" | ... 1 more ... | "favori_urunler_istatistik", [] | ... 1 more ... | [...]>', gave the following error.
    Argument of type '"belgeler"' is not assignable to parameter of type '"kullanici_segment_bilgileri" | "public_urunler_katalog" | "favori_urunler_istatistik"'.
src/app/auth/[...supabase]/route.ts(20,32): error TS2339: Property 'get' does not exist on type 'Promise<ReadonlyRequestCookies>'.
src/app/auth/[...supabase]/route.ts(23,25): error TS2339: Property 'set' does not exist on type 'Promise<ReadonlyRequestCookies>'.
src/app/auth/[...supabase]/route.ts(26,25): error TS2339: Property 'delete' does not exist on type 'Promise<ReadonlyRequestCookies>'.
src/app/auth/[...supabase]/route.ts(58,52): error TS2339: Property 'get' does not exist on type 'Promise<ReadonlyRequestCookies>'.
src/app/auth/[...supabase]/route.ts(59,69): error TS2339: Property 'set' does not exist on type 'Promise<ReadonlyRequestCookies>'.
src/app/auth/[...supabase]/route.ts(60,57): error TS2339: Property 'delete' does not exist on type 'Promise<ReadonlyRequestCookies>'.
src/components/admin/dashboard/AnimatedDashboardWrapper.tsx(37,21): error TS2322: Type '{ hidden: { opacity: number; y: number; }; show: { opacity: number; y: number; transition: { ease: number[]; duration: number; }; }; }' is not assignable to type 'Variants'.
  Property 'show' is incompatible with index signature.
    Type '{ opacity: number; y: number; transition: { ease: number[]; duration: number; }; }' is not assignable to type 'Variant'.
      Type '{ opacity: number; y: number; transition: { ease: number[]; duration: number; }; }' is not assignable to type 'TargetAndTransition'.
        Type '{ opacity: number; y: number; transition: { ease: number[]; duration: number; }; }' is not assignable to type '{ transition?: Transition<any> | undefined; transitionEnd?: ResolvedValues$1 | undefined; }'.
          Types of property 'transition' are incompatible.
            Type '{ ease: number[]; duration: number; }' is not assignable to type 'Transition<any> | undefined'.
              Type '{ ease: number[]; duration: number; }' is not assignable to type 'TransitionWithValueOverrides<any>'.
                Type '{ ease: number[]; duration: number; }' is not assignable to type 'ValueAnimationTransition<any>'.
                  Types of property 'ease' are incompatible.
                    Type 'number[]' is not assignable to type 'Easing | Easing[] | undefined'.
                      Type 'number[]' is not assignable to type 'EasingFunction | Easing[]'.
                        Type 'number[]' is not assignable to type 'Easing[]'.
                          Type 'number' is not assignable to type 'Easing'.
src/components/admin/dashboard/AnimatedDashboardWrapper.tsx(48,7): error TS2322: Type '{ hidden: { opacity: number; y: number; }; show: { opacity: number; y: number; transition: { ease: number[]; duration: number; }; }; }' is not assignable to type 'Variants'.
  Property 'show' is incompatible with index signature.
    Type '{ opacity: number; y: number; transition: { ease: number[]; duration: number; }; }' is not assignable to type 'Variant'.
      Type '{ opacity: number; y: number; transition: { ease: number[]; duration: number; }; }' is not assignable to type 'TargetAndTransition'.
        Type '{ opacity: number; y: number; transition: { ease: number[]; duration: number; }; }' is not assignable to type '{ transition?: Transition<any> | undefined; transitionEnd?: ResolvedValues$1 | undefined; }'.
          Types of property 'transition' are incompatible.
            Type '{ ease: number[]; duration: number; }' is not assignable to type 'Transition<any> | undefined'.
              Type '{ ease: number[]; duration: number; }' is not assignable to type 'TransitionWithValueOverrides<any>'.
                Type '{ ease: number[]; duration: number; }' is not assignable to type 'ValueAnimationTransition<any>'.
                  Types of property 'ease' are incompatible.
                    Type 'number[]' is not assignable to type 'Easing | Easing[] | undefined'.
                      Type 'number[]' is not assignable to type 'EasingFunction | Easing[]'.
                        Type 'number[]' is not assignable to type 'Easing[]'.
                          Type 'number' is not assignable to type 'Easing'.
src/components/admin/dashboard/DistributorsList.tsx(29,83): error TS2339: Property 'id' does not exist on type 'SelectQueryError<"column 'firma_adi' does not exist on 'profiller'.">'.
src/components/admin/dashboard/DistributorsList.tsx(40,39): error TS2339: Property 'firma_adi' does not exist on type 'SelectQueryError<"column 'firma_adi' does not exist on 'profiller'.">'.
src/components/admin/dashboard/DistributorsList.tsx(44,60): error TS2339: Property 'id' does not exist on type 'SelectQueryError<"column 'firma_adi' does not exist on 'profiller'.">'.
src/components/admin/dashboard/DistributorsList.tsx(46,39): error TS2339: Property 'id' does not exist on type 'SelectQueryError<"column 'firma_adi' does not exist on 'profiller'.">'.
src/components/admin/dashboard/DistributorsList.tsx(47,34): error TS2339: Property 'firma_id' does not exist on type 'SelectQueryError<"column 'firma_adi' does not exist on 'profiller'.">'.
src/components/admin/dashboard/DistributorsList.tsx(48,34): error TS2339: Property 'id' does not exist on type 'SelectQueryError<"column 'firma_adi' does not exist on 'profiller'.">'.
src/components/admin/dashboard/DistributorsList.tsx(49,38): error TS2339: Property 'firma_adi' does not exist on type 'SelectQueryError<"column 'firma_adi' does not exist on 'profiller'.">'.
src/components/admin/finans/GiderFormModal.tsx(43,5): error TS2339: Property 'availableHauptCategories' does not exist on type 'GiderFormModalProps'.
src/components/admin/finans/GiderFormModal.tsx(54,83): error TS2339: Property 'kategori_ad' does not exist on type 'Gider'.
src/components/admin/finans/GiderFormModal.tsx(116,50): error TS2339: Property 'kategori_ad' does not exist on type 'Gider'.
src/components/admin/finans/GiderFormModal.tsx(205,56): error TS2339: Property 'kasa_tipi' does not exist on type 'Gider'.
src/components/admin/finans/GiderlerClient.tsx(67,22): error TS2339: Property 'kategori_ad' does not exist on type 'GiderWithDetails'.
src/components/admin/finans/GiderlerClient.tsx(71,22): error TS2339: Property 'kasa_tipi' does not exist on type 'GiderWithDetails'.
src/components/admin/finans/GiderlerClient.tsx(121,43): error TS2339: Property 'kategori_ad' does not exist on type 'GiderWithDetails'.
src/components/admin/finans/GiderSablonlariClient.tsx(147,59): error TS2339: Property 'odeme_sikligi' does not exist on type 'GiderSablonWithDetails'.
src/components/admin/finans/GiderSablonlariClient.tsx(148,61): error TS2339: Property 'varsayilan_tutar' does not exist on type 'GiderSablonWithDetails'.
src/components/admin/finans/GiderSablonlariClient.tsx(193,117): error TS2339: Property 'aciklama_sablonu' does not exist on type 'GiderSablonWithDetails'.
src/components/admin/finans/GiderSablonlariClient.tsx(194,49): error TS2339: Property 'aciklama_sablonu' does not exist on type 'GiderSablonWithDetails'.
src/components/admin/finans/GiderSablonlariClient.tsx(197,64): error TS2339: Property 'varsayilan_tutar' does not exist on type 'GiderSablonWithDetails'.
src/components/admin/finans/GiderSablonlariClient.tsx(200,49): error TS2339: Property 'odeme_sikligi' does not exist on type 'GiderSablonWithDetails'.
src/components/admin/finans/GiderSablonlariClient.tsx(249,66): error TS2551: Property 'gider_kalemi_id' does not exist on type 'GiderSablonWithDetails'. Did you mean 'gider_kalemleri'?
src/components/admin/finans/GiderSablonlariClient.tsx(271,66): error TS2339: Property 'varsayilan_tutar' does not exist on type 'GiderSablonWithDetails'.
src/components/admin/finans/GiderSablonlariClient.tsx(286,66): error TS2339: Property 'odeme_sikligi' does not exist on type 'GiderSablonWithDetails'.
src/components/admin/finans/GiderSablonlariClient.tsx(305,66): error TS2339: Property 'aciklama_sablonu' does not exist on type 'GiderSablonWithDetails'.
src/components/admin/finans/GiderSablonlariClientNew.tsx(48,5): error TS2339: Property 'giderKalemleri' does not exist on type 'GiderSablonlariClientProps'.
src/components/admin/finans/GiderSablonlariClientNew.tsx(247,17): error TS2322: Type 'null' is not assignable to type 'string | undefined'.
src/components/admin/finans/GiderSablonlariClientNew.tsx(252,17): error TS18047: 'data' is possibly 'null'.
src/components/admin/finans/GiderSablonlariClientNew.tsx(252,22): error TS2339: Property 'success' does not exist on type 'string | number | boolean | { [key: string]: Json | undefined; } | Json[]'.
  Property 'success' does not exist on type 'string'.
src/components/admin/finans/GiderSablonlariClientNew.tsx(253,31): error TS18047: 'data' is possibly 'null'.
src/components/admin/finans/GiderSablonlariClientNew.tsx(253,36): error TS2339: Property 'message' does not exist on type 'string | number | boolean | { [key: string]: Json | undefined; } | Json[]'.
  Property 'message' does not exist on type 'string'.
src/components/admin/finans/GiderSablonlariClientNew.tsx(256,29): error TS18047: 'data' is possibly 'null'.
src/components/admin/finans/GiderSablonlariClientNew.tsx(256,34): error TS2339: Property 'error' does not exist on type 'string | number | boolean | { [key: string]: Json | undefined; } | Json[]'.
  Property 'error' does not exist on type 'string'.
src/components/admin/finans/GiderSablonlariClientNew.tsx(300,71): error TS2304: Cannot find name 'initialSablonlar'.
src/components/admin/finans/GiderSablonlariClientNew.tsx(305,26): error TS2304: Cannot find name 'initialSablonlar'.
src/components/admin/finans/GiderSablonlariClientNew.tsx(311,26): error TS2304: Cannot find name 'initialSablonlar'.
src/components/admin/finans/GiderSablonlariClientNew.tsx(318,18): error TS2304: Cannot find name 'initialSablonlar'.
src/components/admin/finans/GiderSablonlariClientNew.tsx(319,21): error TS2304: Cannot find name 'initialSablonlar'.
src/components/admin/pricing/SimpleSupplierCostPlatform.tsx(86,3): error TS2353: Object literal may only specify known properties, and 'palet' does not exist in type 'Record<"altBayi" | "koliBazli" | "cokKoli", { header: string; input: string; inputOverride: string; text: string; }>'.
src/components/admin/pricing/SimpleSupplierCostPlatform.tsx(452,51): error TS2345: Argument of type '{ pricing_shipping_frozen_per_box: number; pricing_customs_frozen_percent: number; pricing_shipping_non_cold_per_box?: undefined; pricing_customs_non_cold_percent?: undefined; } | { ...; }' is not assignable to parameter of type 'PricingDefaultsPayload'.
  Type '{ pricing_shipping_frozen_per_box: number; pricing_customs_frozen_percent: number; pricing_shipping_non_cold_per_box?: undefined; pricing_customs_non_cold_percent?: undefined; }' is not assignable to type 'PricingDefaultsPayload'.
    Property 'pricing_shipping_non_cold_per_box' is incompatible with index signature.
      Type 'undefined' is not assignable to type 'number'.
src/components/admin/pricing/SimpleSupplierCostPlatform.tsx(736,76): error TS2339: Property 'palet' does not exist on type 'Record<"altBayi" | "koliBazli" | "cokKoli", { header: string; input: string; inputOverride: string; text: string; }>'.
src/components/AdminLayoutClient.tsx(51,66): error TS2554: Expected 1 arguments, but got 0.
src/components/ana-fiyat-listesi-client.tsx(17,100): error TS2339: Property 'gorunurluk' does not exist on type 'Urun'.
src/components/ana-fiyat-listesi-client.tsx(20,43): error TS2339: Property 'gorunurluk' does not exist on type 'Urun'.
src/components/ana-fiyat-listesi-client.tsx(33,21): error TS2339: Property 'gorunurluk' does not exist on type 'Urun'.
src/components/ana-fiyat-listesi-client.tsx(41,29): error TS2339: Property 'gorunurluk' does not exist on type 'Urun'.
src/components/ana-fiyat-listesi-client.tsx(41,94): error TS2339: Property 'gorunurluk' does not exist on type 'Urun'.
src/components/ana-fiyat-listesi-client.tsx(60,51): error TS2551: Property 'urun_adi' does not exist on type 'Urun'. Did you mean 'urun_gami'?
src/components/ana-fiyat-listesi-client.tsx(68,65): error TS2339: Property 'gorunurluk' does not exist on type 'Urun'.
src/components/ana-fiyat-listesi-client.tsx(75,47): error TS2339: Property 'liste_fiyati_kutu' does not exist on type 'Partial<Urun>'.
src/components/ana-fiyat-listesi-client.tsx(75,96): error TS2339: Property 'liste_fiyati_kutu' does not exist on type 'Partial<Urun>'.
src/components/ana-fiyat-listesi-client.tsx(76,17): error TS2353: Object literal may only specify known properties, and 'liste_fiyati_dilim_birim' does not exist in type 'Partial<Pick<any, "koli_ici_kutu_adet" | "kutu_ici_adet" | "barkod" | "alis_fiyati" | "liste_fiyati_kutu" | "distributor_fiyati_kutu" | "pesin_fiyat" | "kutu_gramaj" | "tedarikci_urun_kodu" | "urun_kodu" | "stok_adeti">>'.
src/components/ana-fiyat-listesi-client.tsx(76,54): error TS2339: Property 'liste_fiyati_dilim_birim' does not exist on type 'Partial<Urun>'.
src/components/ana-fiyat-listesi-client.tsx(76,110): error TS2339: Property 'liste_fiyati_dilim_birim' does not exist on type 'Partial<Urun>'.
src/components/ana-fiyat-listesi-client.tsx(77,53): error TS2339: Property 'distributor_fiyati_kutu' does not exist on type 'Partial<Urun>'.
src/components/ana-fiyat-listesi-client.tsx(77,108): error TS2339: Property 'distributor_fiyati_kutu' does not exist on type 'Partial<Urun>'.
src/components/ana-fiyat-listesi-client.tsx(78,60): error TS2339: Property 'distributor_fiyati_dilim_birim' does not exist on type 'Partial<Urun>'.
src/components/ana-fiyat-listesi-client.tsx(78,122): error TS2339: Property 'distributor_fiyati_dilim_birim' does not exist on type 'Partial<Urun>'.
src/components/ana-fiyat-listesi-client.tsx(79,43): error TS2339: Property 'iskonto_orani' does not exist on type 'Partial<Urun>'.
src/components/ana-fiyat-listesi-client.tsx(79,88): error TS2339: Property 'iskonto_orani' does not exist on type 'Partial<Urun>'.
src/components/ana-fiyat-listesi-client.tsx(137,67): error TS2551: Property 'urun_adi' does not exist on type 'Urun'. Did you mean 'urun_gami'?
src/components/ana-fiyat-listesi-client.tsx(144,80): error TS2339: Property 'kutu_gramaj' does not exist on type 'Urun'.
src/components/ana-fiyat-listesi-client.tsx(144,102): error TS2339: Property 'kutu_gramaj' does not exist on type 'Urun'.
src/components/ana-fiyat-listesi-client.tsx(145,80): error TS2339: Property 'dilim_gramaj' does not exist on type 'Urun'.
src/components/ana-fiyat-listesi-client.tsx(145,103): error TS2339: Property 'dilim_gramaj' does not exist on type 'Urun'.
src/components/ana-fiyat-listesi-client.tsx(146,138): error TS2339: Property 'liste_fiyati_kutu' does not exist on type 'Partial<Urun>'.
src/components/ana-fiyat-listesi-client.tsx(146,198): error TS2345: Argument of type '"liste_fiyati_kutu"' is not assignable to parameter of type '"id" | "kategori_id" | "kategoriler" | "tedarikci_id" | "ana_satis_birimi_id" | "ad" | "slug" | "ana_resim_url" | "galeri_resim_urls" | "teknik_ozellikler" | "urun_gami" | ... 46 more ... | "taric_kodu"'.
src/components/ana-fiyat-listesi-client.tsx(146,336): error TS2554: Expected 2-3 arguments, but got 1.
src/components/ana-fiyat-listesi-client.tsx(146,356): error TS2339: Property 'liste_fiyati_kutu' does not exist on type 'Urun'.
src/components/ana-fiyat-listesi-client.tsx(147,138): error TS2339: Property 'liste_fiyati_dilim_birim' does not exist on type 'Partial<Urun>'.
src/components/ana-fiyat-listesi-client.tsx(147,205): error TS2345: Argument of type '"liste_fiyati_dilim_birim"' is not assignable to parameter of type '"id" | "kategori_id" | "kategoriler" | "tedarikci_id" | "ana_satis_birimi_id" | "ad" | "slug" | "ana_resim_url" | "galeri_resim_urls" | "teknik_ozellikler" | "urun_gami" | ... 46 more ... | "taric_kodu"'.
src/components/ana-fiyat-listesi-client.tsx(147,350): error TS2554: Expected 2-3 arguments, but got 1.
src/components/ana-fiyat-listesi-client.tsx(147,370): error TS2339: Property 'liste_fiyati_dilim_birim' does not exist on type 'Urun'.
src/components/ana-fiyat-listesi-client.tsx(148,138): error TS2339: Property 'distributor_fiyati_kutu' does not exist on type 'Partial<Urun>'.
src/components/ana-fiyat-listesi-client.tsx(148,204): error TS2345: Argument of type '"distributor_fiyati_kutu"' is not assignable to parameter of type '"id" | "kategori_id" | "kategoriler" | "tedarikci_id" | "ana_satis_birimi_id" | "ad" | "slug" | "ana_resim_url" | "galeri_resim_urls" | "teknik_ozellikler" | "urun_gami" | ... 46 more ... | "taric_kodu"'.
src/components/ana-fiyat-listesi-client.tsx(148,347): error TS2554: Expected 2-3 arguments, but got 1.
src/components/ana-fiyat-listesi-client.tsx(148,367): error TS2339: Property 'distributor_fiyati_kutu' does not exist on type 'Urun'.
src/components/ana-fiyat-listesi-client.tsx(149,138): error TS2339: Property 'distributor_fiyati_dilim_birim' does not exist on type 'Partial<Urun>'.
src/components/ana-fiyat-listesi-client.tsx(149,211): error TS2345: Argument of type '"distributor_fiyati_dilim_birim"' is not assignable to parameter of type '"id" | "kategori_id" | "kategoriler" | "tedarikci_id" | "ana_satis_birimi_id" | "ad" | "slug" | "ana_resim_url" | "galeri_resim_urls" | "teknik_ozellikler" | "urun_gami" | ... 46 more ... | "taric_kodu"'.
src/components/ana-fiyat-listesi-client.tsx(149,361): error TS2554: Expected 2-3 arguments, but got 1.
src/components/ana-fiyat-listesi-client.tsx(149,381): error TS2339: Property 'distributor_fiyati_dilim_birim' does not exist on type 'Urun'.
src/components/ana-fiyat-listesi-client.tsx(150,138): error TS2339: Property 'iskonto_orani' does not exist on type 'Partial<Urun>'.
src/components/ana-fiyat-listesi-client.tsx(150,194): error TS2345: Argument of type '"iskonto_orani"' is not assignable to parameter of type '"id" | "kategori_id" | "kategoriler" | "tedarikci_id" | "ana_satis_birimi_id" | "ad" | "slug" | "ana_resim_url" | "galeri_resim_urls" | "teknik_ozellikler" | "urun_gami" | ... 46 more ... | "taric_kodu"'.
src/components/ana-fiyat-listesi-client.tsx(150,292): error TS2339: Property 'iskonto_orani' does not exist on type 'Urun'.
src/components/ana-fiyat-listesi-client.tsx(150,316): error TS2339: Property 'iskonto_orani' does not exist on type 'Urun'.
src/components/durum-guncelle-formu.tsx(11,65): error TS2339: Property 'siparis_statusu' does not exist on type '{ atanan_kisi_id: string | null; created_at: string; firma_id: string; id: string; kdv_orani: number; olusturan_kullanici_id: string | null; siparis_durumu: string; siparis_kaynagi: "Admin Paneli" | "M├╝┼ƒteri Portal─▒" | null; siparis_tarihi: string; teslimat_adresi: string | null; toplam_tutar_brut: number; toplam_tu...'.
src/components/durum-guncelle-formu.tsx(21,23): error TS2345: Argument of type 'ActionResult' is not assignable to parameter of type 'SetStateAction<{ success?: string | undefined; error?: string | undefined; } | null>'.
  Type 'ActionResult' is not assignable to type '{ success?: string | undefined; error?: string | undefined; }'.
    Types of property 'success' are incompatible.
      Type 'boolean | undefined' is not assignable to type 'string | undefined'.
        Type 'boolean' is not assignable to type 'string'.
src/components/durum-guncelle-formu.tsx(37,90): error TS2339: Property 'siparis_statusu' does not exist on type '{ atanan_kisi_id: string | null; created_at: string; firma_id: string; id: string; kdv_orani: number; olusturan_kullanici_id: string | null; siparis_durumu: string; siparis_kaynagi: "Admin Paneli" | "M├╝┼ƒteri Portal─▒" | null; siparis_tarihi: string; teslimat_adresi: string | null; toplam_tutar_brut: number; toplam_tu...'.
src/components/kategori-yonetim-client.tsx(18,46): error TS2339: Property 'teknik_ozellik_sablonu' does not exist on type '{ ad: Json; created_at: string; id: string; image_url: string | null; slug: string | null; urun_gami: string | null; ust_kategori_id: string | null; }'.
src/components/kategori-yonetim-client.tsx(19,46): error TS2339: Property 'teknik_ozellik_sablonu' does not exist on type '{ ad: Json; created_at: string; id: string; image_url: string | null; slug: string | null; urun_gami: string | null; ust_kategori_id: string | null; }'.
src/components/kategori-yonetim-client.tsx(62,19): error TS2322: Type '(formData: FormData) => Promise<{ success: boolean; message: string | undefined; }>' is not assignable to type 'string | ((formData: FormData) => void | Promise<void>) | undefined'.
  Type '(formData: FormData) => Promise<{ success: boolean; message: string | undefined; }>' is not assignable to type '(formData: FormData) => void | Promise<void>'.
    Type 'Promise<{ success: boolean; message: string | undefined; }>' is not assignable to type 'void | Promise<void>'.
      Type 'Promise<{ success: boolean; message: string | undefined; }>' is not assignable to type 'Promise<void>'.
        Type '{ success: boolean; message: string | undefined; }' is not assignable to type 'void'.
src/components/kontaklar-client.tsx(60,86): error TS2339: Property 'ad' does not exist on type '{ created_at: string; email: string | null; id: string; telefon: string | null; unvan: string; yetkili_kisi: string | null; }'.
src/components/kontaklar-client.tsx(61,85): error TS2339: Property 'iletisim_kisi' does not exist on type '{ created_at: string; email: string | null; id: string; telefon: string | null; unvan: string; yetkili_kisi: string | null; }'.
src/components/kontaklar-client.tsx(79,86): error TS2339: Property 'kurum_adi' does not exist on type '{ ad_soyad: string; created_at: string; email: string | null; firma_id: string; id: string; telefon: string | null; unvan: string | null; }'.
src/components/kontaklar-client.tsx(80,85): error TS2339: Property 'aciklama' does not exist on type '{ ad_soyad: string; created_at: string; email: string | null; firma_id: string; id: string; telefon: string | null; unvan: string | null; }'.
src/components/portal/analiz-charts.tsx(41,21): error TS2322: Type '(value: number) => string' is not assignable to type 'Formatter<number, NameType> & ((value: number, name: NameType, item: Payload<number, NameType>, index: number, payload: Payload<number, NameType>[]) => ReactNode | [...])'.
  Type '(value: number) => string' is not assignable to type 'Formatter<number, NameType>'.
    Types of parameters 'value' and 'value' are incompatible.
      Type 'number | undefined' is not assignable to type 'number'.
        Type 'undefined' is not assignable to type 'number'.
src/components/portal/analiz-charts.tsx(63,21): error TS2322: Type '(value: number) => string' is not assignable to type 'Formatter<number, NameType> & ((value: number, name: NameType, item: Payload<number, NameType>, index: number, payload: Payload<number, NameType>[]) => ReactNode | [...])'.
  Type '(value: number) => string' is not assignable to type 'Formatter<number, NameType>'.
    Types of parameters 'value' and 'value' are incompatible.
      Type 'number | undefined' is not assignable to type 'number'.
        Type 'undefined' is not assignable to type 'number'.
src/components/ProductCard.tsx(7,29): error TS2307: Cannot find module '@/contexts/LeadGateContext' or its corresponding type declarations.
src/components/ProductCard.tsx(18,43): error TS2551: Property 'urun_adi' does not exist on type '{ aciklamalar: Json; ad: Json; aktif: boolean; alis_fiyat_seviyesi: string | null; allergene: Json; almanya_kdv_orani: number | null; ana_resim_url: string | null; ... 49 more ...; zertifikate: string[] | null; } & { ...; }'. Did you mean 'urun_gami'?
src/components/Referanslar.tsx(10,10): error TS2339: Property 'from' does not exist on type 'Promise<SupabaseClient<Database, "public", "public", { Tables: { sirket_resmi_bilgiler: { Row: { id: string; kategori: string; baslik: string; deger: string; sira: number; onemli_mi: boolean | null; created_at: string; updated_at: string; }; Insert: { ...; }; Update: { ...; }; Relationships: []; }; ... 49 more ...; ...'.
src/components/urun-duzenle-client.tsx(28,23): error TS2322: Type '{ urun: { aciklamalar: Json; ad: Json; aktif: boolean; alis_fiyat_seviyesi: string | null; allergene: Json; almanya_kdv_orani: number | null; ana_resim_url: string | null; ... 49 more ...; zertifikate: string[] | null; }; tedarikciler: Pick<...>[]; }' is not assignable to type 'IntrinsicAttributes & UrunFormuProps'.
  Property 'urun' does not exist on type 'IntrinsicAttributes & UrunFormuProps'.
src/components/urun-listesi-client.tsx(113,82): error TS2554: Expected 2-3 arguments, but got 1.
src/lib/admin/cache-utils.ts(140,108): error TS2322: Type '"Alt Bayi"' is not assignable to type '"M├╝┼ƒteri" | "Aday" | "Takipte" | "Temas Kuruldu" | "─░leti┼ƒimde" | "Pasif" | "ISITILIYOR" | "TEMAS ED─░LD─░" | "POTANS─░YEL" | "ADAY" | "─░LET─░┼×─░MDE" | "M├£┼×TER─░" | "PAS─░F" | "REDDED─░LD─░" | "NUMUNE VER─░LD─░" | null'.
src/lib/admin/cache-utils.ts(144,97): error TS2322: Type '"Alt Bayi"' is not assignable to type '"M├╝┼ƒteri" | "Aday" | "Takipte" | "Temas Kuruldu" | "─░leti┼ƒimde" | "Pasif" | "ISITILIYOR" | "TEMAS ED─░LD─░" | "POTANS─░YEL" | "ADAY" | "─░LET─░┼×─░MDE" | "M├£┼×TER─░" | "PAS─░F" | "REDDED─░LD─░" | "NUMUNE VER─░LD─░" | null'.
src/lib/supabase/server.ts(5,28): error TS2305: Module '"next/headers"' has no exported member 'ReadonlyRequestCookies'.
